comment_id,author,text,like_count,reply_count,published_at,relevance_score
UgxNfiUOCj7C1QJZUN54AaABAg,@Oscar-nw6ko,Raul tiene muchisima carisma hagan lo que sea y yo me lo trago,90,2,2026-05-17 20:31:41+00:00,94
Ugwy_8qN98bOsAb0SAR4AaABAg,@Trecegamer13,"Ideas:<br>- Como montar y configurar un doble PC o PC+Consola con un sólo monitor<br>- &quot;Movilidad gaming&quot; La mejor opción en sobremesa para llevar cuando viajas mucho y no quieres portátil<br>- Directos en stream para dudas y preguntas<br>- Soluciones de subs. Los cacharros que usa la gente y como usa sus PC/Setup<br>- En una quedada, hacer compiticiones de ensamblaje de PC con arranque incluido<br>- Hacer una quedada/Lan party para todos los frikis que nos pongamos cara<br>- Redes, la gente se pierde a la hora de montar una red y que los equipos se vean y compartan imprresoras<br>- El día del sub: una vez cada x tiempo, llevar a un sub (se costea su viaje, sin historias), y enseña su PC, pq está así confugrado, como eligió las piezas, etc<br>-...<br><br>Cualquiera de las que planteáis nos encantará verla también ^_^",48,2,2026-05-17 20:31:39+00:00,52
Ugy2S-wty8KNtCyNPw94AaABAg,@CanaldeYoutubeCanal-h4y,"Me molaron los de workstations, y de esos no hay muchos por internet.",25,0,2026-05-17 19:02:34+00:00,25
UgzdmQEUkAz19zPcosx4AaABAg,@Alucardgamer666,Podéis aconsejar y enseñar periféricos de las marcas más desconocidas y la valoración. Pantallas curvas ratones cascos. Etc porque hoy en día tenemos muchas marcas. Un saludo,17,0,2026-05-17 19:02:32+00:00,17
UgzMxEh15S9tpBv9JSF4AaABAg,@luispatronsalas6531,"¿Qué tal una idea de video hablando detalladamente sobre la fatiga visual-confort visual en monitores y qué tipo de monitores es mejor para uso prolongado? (Por tipo de panel: VA-IPS etc, cantidad de hz y resolucion, ppi, profundidad de bits de color del monitor, luz azul, etc) es un tema poco hablado, almenos en youtube de habla hispana.",12,0,2026-05-18 05:54:16+00:00,12
UgwaKwcN0eHYUVtGYfZ4AaABAg,@almacreativamultimedia,"pues mira, yo me enganche a vuestro canal porque sois el único, o al menos el único que conozco que habla de equipos para el sector profesional y workstations. ese es el punto diferenciador de vuestro canal y, desde luego que hace falta un canal así, para que, como mínimo los usuarios que utilizamos el pc para trabajar, tengamos unas referencias. porque YouTube, a día de hoy, es echar mierda a Microsoft, que Linux es maravilloso, y que todo el mundo es gamer. a partir de aquí, podéis hacer el contenido que deseeis. pero yo os recomendaría que no perdierais esa esencia. quizá como idea de contenido sería traer al canal equipos para trabajo no tan bestias como los que hemos visto, (que en vez de 10.000 €, pues sean de 1500€), gabinetes que sean orientados a oficina, pero que tengan cierta gracia, como que tengan toques a madera o cosas así, accesorios como unidades ópticas, no se, pivotar hacia el nicho de mercado del pc para trabajo.",7,0,2026-05-17 19:57:59+00:00,7
UgxMwIvTeQHoWPMFHH94AaABAg,@PcloveGames,"Yo lo único que entiendo y que comprendo es que me gusta veros, sea lo que sea que terminéis decidiendo seguir haciendo de contenido, lo seguiré viendo, Raúl, eres un crack. ❤ Los fieles vamos a veros hasta cualquier cosa mínima que queráis subir! Es que me parecen bien todas las ideas sinceramente. Eso si, por cierto, lo que mas me ha molado en realidad es la idea de coger y irte a donde cristo perdió el mechero y ver que cositas se pueden hacer a dia de hoy.",7,0,2026-05-17 18:58:40+00:00,7
UgzRAe9pPfyFr2DYFPt4AaABAg,@AnsiaobscuraBG3,Yo estoy en este canal por Raúl pastor!!!! Aguanteeee rauuuuuul,6,0,2026-05-17 23:25:30+00:00,6
UgwOyAAZ1W-_chlPLvl4AaABAg,@beykher,Demen el canal a mi asi no pierden dinero🥀,6,0,2026-05-17 18:51:44+00:00,6
UgyfxXbR0jvZnhjnmk14AaABAg,@alexandromendez36,"Pues los Shorts explicando cosas útiles y simples no pasan de moda, por ejemplo:<br><br>El short de Nvidia, de que GPU para cada resolución.<br>O el video de Diferencias entre Asus Prime, TUF, Astral.<br>Etc<br><br>Para videos largos, por ejemplo: Poner 2 Set Up iguales de componentes pero cambiando el case para comparar temperaturas o cosas similares en otras áreas.",5,0,2026-05-17 20:35:31+00:00,5
UgyE9PAqFj0lKgrOGUN4AaABAg,@angelpenalver3081,Pc dedicado a la realidad virtual,4,0,2026-05-18 10:44:57+00:00,4
UgxvMx9hoTN17RlEO2Z4AaABAg,@unaxx-s1x,"la idea de wallapop me parece muy interesante, la de los set-ups tambien, la de hardware chinorro es buena, la de el pc mas pequeño y posible tambien y la de visitar equipos competitivos y creadores tamb🌹<br><br>y regalarme un pc eso ya es mundial😏",4,0,2026-05-17 19:05:12+00:00,4
Ugx8ifckwS8kj35NyJl4AaABAg,@donii4492,Todas las ideas!! Tambien quiero mas anecdotas anecdotas,3,0,2026-05-17 20:12:47+00:00,3
UgyMxAtgQUp_iRc1ixx4AaABAg,@delacroxy,"promocionar Rams baratas xd, se hacen virales xd",3,0,2026-05-17 18:56:30+00:00,3
UgwQcHJj6PS-YHfX8ud4AaABAg,@CERBERO_74,"Habláis mucho de las nuevas plataformas y muchos no podemos acceder a esas plataformas, yo uso la plataforma AM4 con mi Ryzen 7 5800X una gráfica 3060 de 8 gigas y 16 gigas de RAM, juego en world of tanks en el servidor ruso tengo mi canal de Youtube, porque no hacéis videos de como aprovechar estos pc antiguos y sacarle el máximo rendimiento.",3,1,2026-05-17 20:41:38+00:00,5
UgziddBsY33RuPfChW54AaABAg,@scketch3d64,"Algo que me encantaría ver, principalmente en español, es más análisis de sistemas profesionales. El tema del gaming y todo eso está bien, pero ya está muy quemado, hay millones de videos que hablan lo mismo, pero si quieres ver, por ejemplo, rendimiento bruto de GPUs profesionales, no hay o lo poco que consigues son en inglés. Comparativas, por ejemplo, juegos. Muchos somos profesionales del diseño y también jugadores, pues nos gustaría ver qué tal los equipos profesionales en esa área. Que sí, que no están montados para eso, pero nos encanta verlo, saber cómo se va a comprar un PC profesional tanto en juego como en áreas de diseño o incluso pagarle a un ingeniero para probar software de ingeniería como análisis FEM y CFD (Por Dios que serían los únicos en todo YouTube que lo tendrían).",3,0,2026-05-17 21:59:54+00:00,3
UgwrcL15KwTM9eHreqd4AaABAg,@rodrigochicagarcia8901,Me parece muy interesante esa idea de los premontados,2,0,2026-05-17 19:58:02+00:00,2
UgwxnAta98ti1NtF4yd4AaABAg,@RedPlayIsBack,"DIY, Homemade, todo lo &quot;a mano&quot; es atemporal, moddings etc",2,0,2026-05-17 19:44:51+00:00,2
Ugy7I8d5CPoNDerlJGB4AaABAg,@LaNutriaTulona,"hacer ensambles de high end y low end, esos videos funcionan bien o videos de componentes de segunda mano, los &quot;cheap&quot; pc. Un saludo, buen videillo.",2,0,2026-05-17 18:54:36+00:00,2
UgyAPHC_m3pqZzjOjeB4AaABAg,@rubenmn_tr,"Vuestro canal me encanta, cualquier idea que tengan las voy a ver, sobre todo por raul que tiene mucha carisma y me paso muy bien viendo los videos, en lo personal me gustaria que incursionaran un poco mas en el mundo de la productividad, edicion de video, programacion, musica etc.",2,0,2026-05-17 23:53:04+00:00,2
UgwzM3ZreXGeWuZNxAJ4AaABAg,@AlexeiFerrerNuñez,"RAULLLLL me gustan muchos tus videos, no me pierdo ni uno y para mi Epical -Q es uno de los mejores canales de PC y Hardware que existe en el mundo actualmente.",2,0,2026-05-17 19:35:23+00:00,2
UgxdLZj-rcs0BF0OX3h4AaABAg,@Edward_FST,"Desde que los conocí a finales del año pasado me engancho el carisma y actitud que tienen en el canal, ojalá puedan tomar buenas ideas que se que sabrán hacerlas con su estilo, los seguiré esperando cada domingo ;)",2,0,2026-05-17 19:25:47+00:00,2
UgykcoAH4pQBeZ-6OmB4AaABAg,@rart31,"El motivo por el que me quede a ver sus videos es porque no hay algo igual, pese a que hay canales de tecnologia que teoricamente mencionan lo mismo que ustedes la crudeza y realidad que viene de la experiencia de un ensamblador es genial, la forma en la que hacen los videos me recuerda a cuando el yanpol recien empezo armando sus pc, a mi me gustan las ideas 1,2,3,4,8,9 por funcionar como guias, testeo de limites, tal vez algun benchmark caeria bien asi como los conceptos que son misterios como por ejemplo la certificacion 80 que hay gente que cree que va a generar menos de lo que es la fuente en lugar de usar mas energia para compensar la perdida en calor para surtir lo que dice la fuente.<br><br>Eso de responder preguntas a los miembros del canal suena bien para interactual con la gente, que sea para miembros puede limitar a ciertas personas pero es la mejor manera de no tener 100k en los comentarios que se vuelve imposible de manejar.<br><br>Eso de ir a ver setups ajenos suena genial siempre y cuando los pc y sus componentes sigan siendo las estrellas, que esta bien hablar de perifericos pero los componentes es la auntentica chicha del ensamblamiento de pc.<br><br>Eso del tarkov suena genial XD jajaja.<br><br>Lo de ir a eventos y talleres no tengo opinion pues ni estoy en el mismo continente jeje pero suena genial para los iniciados y juntar a la comunidad.<br><br>Un versus laptop vs pc con los mismo componentes estaria bueno.<br><br>Una colab de vez en cuando no cae mal.",2,0,2026-05-17 19:31:09+00:00,2
UgyFqwZPU4K5dibU9Fd4AaABAg,@erce-cazabuelas,Yo os compre mi ordenador hace 2 meses por vuestros videos y cercania,2,0,2026-05-18 08:42:16+00:00,2
Ugz-5MVhIJ8Oa5jPmPB4AaABAg,@jgaj1032,"Me trago todos los vídeos uno detrás de otro, enhorabuena la verdad por la forma de crear contenido, y gracias por preocuparos de traer nuevo contenido para que disfrutemos, a final de año tengo pensado comprar un PC si o si con vosotros, muchas gracias de nuevo y un placer haberos conocido familia",2,0,2026-05-17 21:13:54+00:00,2
UgzG40b6XwuKlSsPxm14AaABAg,@arturosalazaralvarez3506,"Decir que me parece que hacéis un contenido cojonudo. Muy divertido y sobre todo realista, que no abunda mucho. Como ideas, lo que mas me llama la atención es comparar premontados, así como la de montar un ordenador con piezas chinas a ver si nos estamos perdiendo de algo que realmente merece la pena. Reviews de setups reales también es muy buena, ya que cada uno se lo monta a su gusto y se pueden coger ideas de unos y otros para que en cada casa nos dejemos el setup fino. Como idea random que estaría muy divertido, a raíz del pc mas pequeño y potente posible, ver si con la energía calorífica se puede llegar a cocinar algo, aunque sea un huevo a la plancha, pero redirigir ese calor fuera del pc y aprovecharlo para cocinar, creo que sería un video muy interesante y aún mas divertido. Mucho ánimo con los nuevos proyectos y seguid en esta línea porque vais a seguir llegando a mucha mas gente :D",2,0,2026-05-18 14:11:22+00:00,2
UgxbiGpssFBbTSFPkkB4AaABAg,@nikte1534,Sinceramente lo que me gusta es verlo a ustedes el humor la forma de decir las cosas es muy agradable y ameno de ver asique sea lo que decidan yo me lo fumo y me lo veo me gusta todo lo que aparecio dime friki pero todo,1,0,2026-05-17 20:33:47+00:00,1
UgwRVC6FnXeCFt-PtUt4AaABAg,@deadkhingt3106,"A mí me molaría set UPS o también subir típs pero no los comunes, sino tonterías básicas como, si tienes amd Activa esto, pero meterlos durante el video. Bobadas, suerte jaja",1,0,2026-05-17 23:41:11+00:00,1
Ugycex9tuFpFOUcT9L94AaABAg,@JJ.ROMERO,"Son tremendamente buenos, tienen carisma y harto conocimiento, larga vida al canal.<br><br>-Suscribo la propuesta de poder hacer un video armando una PC silenciosa o recomendación de componentes silenciosos. En resúmen Idea 4.",1,0,2026-05-18 05:50:24+00:00,1
UgyNd0Y_-e6yhp7ccu94AaABAg,@eiacos,"Les tiro una idea: que componentes de PC usarías para armarte de tal manera que te dure al menos 10 años y te sea útil para productividad y gaming? Solo 3 presupuestos: bajo, intermedio, alto. Otra, un vivo de Raúl jugando competitivo. Saludos",1,0,2026-05-17 20:23:44+00:00,1
Ugwm4NWUAXU2wBbTDeF4AaABAg,@davidalejandrolopezperez9607,"Señores de &quot;Epical q&quot; muchisimas gracias por poner a este señor &quot;Raul&quot; a hacer videos, yo venia pensando par de años ya mejorar mi equipo, y me transmitio la confianza para hacer ese sueño posible y con vosotros, gracias raulillo me has costado 4000 pavos jajajajaja enhorabuena equipo de Epical-q un saludo",1,0,2026-05-17 19:36:25+00:00,1
UgwBD2U4gPy2DsBn_3R4AaABAg,@Black0n,"raul no tiene nd q ver con el video pero queria preguntarte q tal ves este pc q me voy a comprar próximamente ( dentro de un año) los precios y td la historia seguro cambia mucho pero esto es lo q tenia pensado.<br><br>•RYZEN 7 9800X3D<br><br>•5080<br><br>•32Gb ram<br><br>•2TB de almacenamiento <br><br>•Corsair iCUE LINK TITAN 360 RX RGB Kit Refrigeración Líquida 360mm<br><br>•caja CORSAIR FRAME<br><br>•Fuente de Alimentación Corsair RM1000x Shift 1000W Gold Modular ATX 3.1 ventilador ajustable<br><br>•Placa Base Gigabyte X870E AORUS ELITE WIFI7<br><br>• y dos monitores un asus Rog 4k 240hz(es puro cuento se q puedo optar por unos mas barato pero es locura mia) y el otro seria otro asus rog pero de 1080p y 380hz para juegos competitivos, saldria td en 4.400€. sin monitores 3.300/3.400€.",1,0,2026-05-19 21:58:20+00:00,1
UgyinDpNSezP_jxRG4F4AaABAg,@rider-8756,"Es igual que hagáis videos de los mismos temas que ya sean trillado porque vemos el canal porque nos gusta cómo comunica y entretiene Raúl. No obstante aquí van algunas ideas:<br>- Enseñar los PCs de Raúl y el resto de empleados de Epical-q.<br>- Vídeos más técnicos sobre componentes. Cómo funcionan, diferencias entre generaciones, curiosidades, etc <br>- Qué configuraciones son mejores según el tipo de juego, ya que hay juegos que son más CPU dependientes, o necesitan más RAM, etc.<br>- Hacer algún PC con liquida custom.<br>- Mostrar páginas de PCs de otros países como USA o Japón con PCs espectaculares, bizarros, tematizados, etc.<br>- Ir a convenciones y/o ferias del mundillo y enseñarnoslo.<br>- Que Raúl haga alguna entrega en persona de algún PC vendido en la web.<br><br>Y también podéis preguntar a ChatGPT que no falla xD.",1,0,2026-05-17 21:25:09+00:00,1
UgwdsOQwW2pE0q_jERl4AaABAg,@Megatronus-kk8tr,"Sea lo que sea que ustedes hagan, yo lo voy a ver porque son muy graciosos y aparte aportan mucha información de alto valor. Gracias por su arduo trabajo 🎉",1,0,2026-05-18 04:05:10+00:00,1
Ugz6YuzzVXYGbyPxUgd4AaABAg,@MTX250,"Montar un un LLM con RAG para responder a esas cosas(de componentes y construicciones especificas) e ir preparando un avatar para el canal, ademas podeis subir como lo habeis realizado (2x1) (Por cierto, me ofrezco voluntario!)(A lo mejor no os convecence porque al final es otro grifo abierto, pero GCloud esta dando 860€ para probar Vertex AI)",1,0,2026-05-18 08:08:22+00:00,1
Ugxk7o5swvOz_G7px9V4AaABAg,@marea72635,"IDEA 1, 7, 8...Lo que hagáis lo veré igual porque me gusta como lo hacéis. Un saludo",1,0,2026-05-18 09:59:31+00:00,1
UgwvqoBKkscUQVPupzh4AaABAg,@cesarsalazar5368,Yo siendo sincero miro sus videos por el echo de que me gusta aprender y me gusta la forma en lo que lo explicas,1,0,2026-05-18 00:44:40+00:00,1
UgyOwDu6niVf9Eml3ch4AaABAg,@didigolf_YT,Enhorabuena por los 100k suscriptores!!! Placa de plata!! 🎉,1,0,2026-05-17 21:44:45+00:00,1
UgyQIUXSwXZioW9Meap4AaABAg,@VERTICERACING,Hola!<br>1Guia de la bios<br>2Comparar PCs de didferentes celebridades<br>3Videos graciosos tipo que persona representa a cada cmponente,1,0,2026-05-17 19:37:39+00:00,1
UgzJQDLjE1Br-1fYdRV4AaABAg,@pedrocastillo-e1v,me pearece genial la idea,1,0,2026-05-17 23:41:46+00:00,1
Ugyb1wRa85sAExKUKop4AaABAg,@Subacuadratico,"Podrías hacer un video de: mejorando ordenadores de seguidores, que os lleven un ordenador y le pongáis alguna cosa, le hagas un mantenimiento se ordenen los cables y cosas parecidas.",1,0,2026-05-18 06:08:12+00:00,1
UgxQclK3wLtfDNhsSrJ4AaABAg,@DeividPollock,"A mí me gustaría ver vídeos sobre productos de marcas chinas que realmente tengan buena calidad. Los precios actualmente están disparados y quizá el mercado chino pueda ofrecer alternativas mucho más competitivas, sobre todo teniendo en cuenta que la calidad de sus componentes ha mejorado muchísimo estos últimos años; ya no son los “trastos” baratos de hace décadas.<br><br>También me interesaría mucho ver montajes de PC desde cero, pero bien hechos y detallados: gestión de cables, airflow, colocación limpia de componentes, estética final… dejar el setup totalmente niquelado vaya 😄",1,0,2026-05-18 09:52:11+00:00,1
Ugw_eu7KouJN3Y2j4Jl4AaABAg,@neowolverin1,"Todas las ideas me parecen muy buenas pero si tuviera que eligir 3 me iría por las 3, 8 y 10. Y sobre otra idea que tal montar ordenadores temáticos, ya sea un ordenador puro Asus, o para los frikis el de hatsune miku completo, también para trabajos específicos como para un amante del cine en que le vendría más invertir, y también quería decirlos qué me encantan sus videos de tierlist y aunque entiendo que no pueden ser seguidos espero que no los dejen de lado",1,0,2026-05-18 06:05:08+00:00,1
UgyuBUIW2VicK9UGDWV4AaABAg,@8HcT,"Yo quiero seguir con mis clases de murciano.<br><br>Ideas: Haced videos enfocados a usos profesionales, por gamas, por ejemplo yo ahora voy a hacerme un PC para arquitectura, (y sí, alomejor juego a algo, pero no es el foco). Todos los canales se enfocan en el gaming, pero muy pocos en productividad.",1,0,2026-05-18 11:19:57+00:00,1
Ugx8HFSbcTC3gf1s26d4AaABAg,@FrankieMankie,"Muchas veces no es el contenido, es como se presenta. Estoy convencido que más de una persona ve vuestros videos por el carisma, cercanía y naturaleza que transmitís.",1,0,2026-05-17 21:30:56+00:00,1
Ugzf48XjELZpEPrp5fR4AaABAg,@eneas9038,"Sois unos grandes.<br><br>Ideas vuestras rankeadas:<br>1. Starlink en el campo<br>2. Pc de Wallapop <br>3. Setups reales pros y estaciones de trabajo.<br><br>Ideas mias: <br>1 - Raúl queremos verte jugar al Tarkov y otros juegos, yo también juego Tarkov y también soy malo, pero no te preocupes que queremos verte pa reirnos con vosotros, abrete un twitch y luego aqui en el canal podéis subir compilacion de mejores momentos de 10-15 min. <br>2- Otro contenido que a mi me gustaría ver aquí es noticias del sector de la informatica y los videojuegos, pero no todas las noticias, sino coger una vez al mes y decir qué 5 noticias o las que sean, son importantes a vuestro juicio y comentarlas. Yo lo haría con un lenguaje que entendamos todos, y que yo creo que en este tipo de videos el valor esté en vuestros comentarios, que sean interesantes y con cachondeo y tal.",1,0,2026-05-17 22:55:56+00:00,1
UgxPZ1WobhMNQSeQWmh4AaABAg,@XenixfronzStremer-qi3jp,Algunos datos curiosos de PC ?,1,0,2026-05-17 20:14:48+00:00,1
UgwP8cvi9uwbXjtK9sB4AaABAg,@masteg3988,"Veo todos vuestros videos solo por la manera de ser, me la pela lo que hagáis jejej. Yo al ser Ingeniero Informático me mola lo técnico, pero entiendo que no a todos les mola las puertas lógicas jeje",1,0,2026-05-18 08:25:34+00:00,1
UgwiZmvGrK4TS_uktJh4AaABAg,@PainRiderX,"Paisanos la idea del wallapop me gusta, sobre todo si enseñáis las conversaciones para comprar que hay una fauna importante jajaja <br><br>Enhorabuena por los 100k , seguir así y Raúl eres el mejor 😂😂",1,0,2026-05-17 22:32:13+00:00,1
UgzhwxLCCoKKejKyvZt4AaABAg,@RogerTorrens-PlayHard,Esa idea de la visita y la pizza y saber sobre el día a día está perfecta y claro todo lo relacionado a la PC gaming,1,0,2026-05-18 03:00:30+00:00,1
Ugw4NquouW6N7ylt6BN4AaABAg,@pawelstegierski5736,"Hacer visitas a los setup que pueda tener la gente en sus coches caravanas autocaravanas cabañas sus casas y sus estudios sus estudios de creación de contenidos los que editan vídeo televisiones pequeñas y demás para enseñar las diferentes formas que hay para usar un ordenador o para montar sistemas es una cosa bien interesante. Enseñar a la gente a montar sus propios servidores de videojuegos para echar pachanguilla o echar liguillas y formar nuevos grupos nuevos equipos y tal aunque seamos malos pues está muy bien además pues que la gente participe un poquito en montar cosas para tenerlo en un grupo de amigos no siempre tirando a los servicios oficiales. Sería como jugar en videojuegos en plan guerrilla también se pueden tirar por videojuegos libres que los servidores son más fáciles de montar y demás pues prestar unas características presentar unas características sobre el tema eso estaría muy bien. <br>Los directos son los que aprovecharía yo para nuevos artículos nuevas creaciones nuevas noticias sobre todo de lo que vaya haciendo apareciendo en el mercado qué hay va un poco por rachas y por temporadas ya llevamos tiempo con la serie 5000 de nvidia, pero hay más periféricos y más usos de ordenador y más historias que se pueden aprovechar para meter la publicidad allí. <br>Luego gracias a las crisis de componentes memoria discos duros y demás se debe a que China tiene limitado acceso a las máquinas nuevas de ASML por lo tanto se vuelven a modelos anteriores de fabricación que son los que pueden explotar con lo que van un paso por detrás en el mercado de componentes y fomentar que se monten equipos más modestos con componentes de hace generaciones equipos más asequibles más modestos porque tiraríamos de generaciones anteriores de hardware pero sí muy eficientes para usarlos en lo que más nos gusta es otra temática interesante.<br>Con la moda De meter 800 ventiladores en una torre se me ocurre que se aprendan a hacer equipos con disipación pasiva para que no hagan ruido entretenerse en ese aspecto en uno o dos vídeos pues nos enseñaría cómo producir como fabricar equipos así, hay muchos temas de los que se puede hablar y son muy interesantes y se salen de los tópicos de las super gráficas y los mega videojuegos.<br>Se me ocurren más cosas como por ejemplo si la marca está muy saturada de trabajo recomendar otros profesionales más especializados en una temática u otra darlos a conocer en plan de colaboración hace tiempo eso funcionaba muy bien en Internet.",1,0,2026-05-17 22:30:23+00:00,1
UgzMGouIIfgXMTJaBjF4AaABAg,@Mystic00016,"Lo que os diferencia es que Nate se lo toma en serio mientras que vosotros no, yo sugiero que lo mejor que podéis hacer es probar un poco de todo y seguir con lo que más mole (a mí personalmente los pcs de wallapop). Veo a Nate desde hace años pero este canal tiene algo que hace que esté aquí escribiendo, al final los pcs son un interés que unen a muchas personas",1,0,2026-05-17 20:55:26+00:00,1
UgyuuMT-gEfDkmCaPcJ4AaABAg,@edudalmau3533,"Yo creo que mas videos del rollo PC profesional/workstation serian muy interesantes, ahi teneis experiencia que el resto de youtubers &quot;grandes&quot; de tecnologia no",1,0,2026-05-17 19:24:03+00:00,1
UgyAOGNhziEg4XPW6ZN4AaABAg,@ramiroyuyes4168,"kit de mantenimiento de pcs o de armado o ambos y hacer niveles de basico, medio, pro, entusiasta o algo parecido seria interesante el video y dar ejemplos de como usar por ejemplo destornillador solo , luego uno con iman , luego uno imantado con desimantador , luego uno profesional mmm",1,0,2026-05-17 19:30:51+00:00,1
UgwWDIiufqbjLPlzQxd4AaABAg,@takoshdd5548,Muy buenos los videos que publicais ya que es algo que se salen un poco de lo comun. Montar un equipo para estudio de musica estaria muy chulo y no esta muy claro que hace falta para montar un equipo para ese tipo de trabajo,1,0,2026-05-18 08:55:21+00:00,1
UgzSZ3CngJDKddghZf54AaABAg,@V0l7I0,"Buenas!! Raúl la idea de la camper, COMPRO!! Lo estabais explicando y me sentía identificado. Las entrevistas con Pizza, esa también me mola y montaje de pcs mini y piezas rollo minisfurum, ( por ejemplo ) ese es mi top 3. Y como idea, yo viajo mucho en camión y cuando llego a casa no me gusta meterme en una habitación a jugar, juego en el salón, setups para el salón de casa guapo y funcional. Bueno hasta ahí mi aporte Chicos, abrazos para todos, hasta más ver.",1,0,2026-05-17 21:59:25+00:00,1
UgyDBsWWSFjLSVcdy954AaABAg,@willyfoogs1,"A mí me encantan tus videos sean cual sean...tenéis aura para ello☺️.<br><br>A mí me gustaría algún vídeo para poder comprar un pc barato para poder salir de la crisis ya que creo que hay más gente sin cash que gente con cash y esa gente sin cash también tienen derecho a poder tener un pc decente y no ser víctimas de los grandes especuladores de hoy en día.<br><br>La idea de marcas chinorras me gusta porque creo que es una buena salida.<br><br>Un saludo, seguir así de cercanos☺️",1,0,2026-05-18 06:35:11+00:00,1
Ugw8rZSx5VtCS4QFi1t4AaABAg,@kiosh,Soy de Murcia y tengo buen setup. Si me arregláis los cables podéis hacer vídeo con el 😊,1,0,2026-05-17 19:09:53+00:00,1
Ugzmhgp4lNSO-qBT0w54AaABAg,@gru2844,"Yo creo que como lo haceis esta de loco ,por que tiene la parte graciosa tuya , despues el jefe la parte seriota y tecnica, y a la gente le gusta ver cosas mu gordas como funcionan , o ver ordenadores baraticos que se pueda jugar a tipo de todo, , yo seguiria como estais pero como ya hicistes alguna vez como con la caja de 3 camaras decir mira esta pc para jugar a tanto de loco,s que quieres uno mas pro para tal este y teneis desde el mas baritco al mas top, tambien podrias hacer review de cosas chulas cajas raras, o componentes exclusivos , cosas asi",1,0,2026-05-17 19:02:37+00:00,1
UgzD8NW9oQRAL9THkNh4AaABAg,@pc800mhz,Todas las ideas que presentais son buenas!!! Adelante con todas!!!,1,0,2026-05-17 21:23:06+00:00,1
Ugy4Dc7HdQlpJ29HLWB4AaABAg,@vicentemn0152,"En mi caso me gusta el canal porque aprendo cosas sobre mi ordenador, como aprovechar mejor los componentes o que combinación es mejor para cada cosa pero sobretodo es el realismo o la franquedad que se usa al explicarlo, es un cambio agradable del lenguaje técnico que lees en foros y me entero de las cosas.",1,0,2026-05-17 19:53:28+00:00,1
Ugxi5aCDiWNIDw6wfYl4AaABAg,@adrilm2mil,"a mi me molaría ver algún video tipo configuración de pc, y no solo de componentes, sino de que hacer cuando ya tienes el pc, instalas Windows 11 y que mas? como configurarlo, como optimizarlo, como comprobar que va bien, como testear todo, etc etc",1,0,2026-05-17 22:01:04+00:00,1
Ugyo5cPa4Jz_FxSjmuF4AaABAg,@DimasRomero322,"Raúl y compañeros de Epical-Q, yo sinceramente creo que que tenéis mercado en los videos de Youtube de éste sector con vuestra carisma y estilo de comunicación directa si hacéis un poco los &quot;remasters&quot; de vídeos que hicieron grandes canales del sector en el pasado. Con esto me refiero a vídeos del estilo:<br><br>- A la hora de montar un PC, enseñar y explicar con un poco más de detalle como se instalan ciertos componentes que muchos vídeos de montaje omiten tales como: las conexiones de los ventiladores a la placa base y al HUB que traiga la caja o de terceros, las conexiones de la caja a la placa base, el por qué los sticks de RAM se instalan en un orden específico en las bahías para que funcione el Dual-Channel y similares.<br>- Un vídeo explicando las herramientas óptimas para montaje del PC como destornilladores eléctricos mas o menos grandes, los destornilladores largos para instalar los ventiladores tradicionales de CPU, los tipos de correas y demás utensilios para el arreglo del cableado posterior.<br>- Un vídeo explicando correctamente todas las conexiones posteriores de las placas base de distintas gamas para que la gente sepa donde y por qué conectar las cosas a las distintas conexiones para que todo funcione de la mejor manera posible.<br>- Poner a prueba a en un PC potente una gran cantidad de periféricos inalámbricos, alguno por cable y otras cosas como discos duros externos para demostrar la compatibilidad de los dispositivos, los errores que puede dar en el sistema ya sea por saturación o interferencias, etc. Esto sirve para que la gente entienda que por ejemplo puede tener 2 ratones inalámbricos, uno de ofimática tipo Logitech MX Master y otro gaming rollo Razer Viper y demostrar que ambos pueden funcionar sin problema y puedes cambiar de uno a otro o no si no funciona y por qué. <br>_ Un vídeo explicando a la gente como configurar pantallas ya sea conectando distintas pantallas con distintas conexiones al mismo PC y como funcionan las mismas para que la gente sepa las diferencias entre los HDMI, DisplayPort, VGA y sus distintas versiones. También usar accesorios que permitan dividir la misma señal a otras pantallas externas, duplicar pantalla mediante wifi con monitores inteligentes, etc. Así la gente puede aprender como mandar la señal de su portátil o PC sobremesa a la tele del salón o de la habitación por ejemplo.<br>- Un vídeo sobre periféricos y accesorios menos conocidos en general. Cosas como un botón con cable que vaya conectado al PC y que lo puedas configurar para encender el PC que puede ser útil para gente que tiene el PC abajo y no quiere agacharse para darle al botón de encendido. Así la gente descubre ese tipo de productos gracias a vosotros. <br><br>Un saludo y seguid así que vais bien!!!",1,0,2026-05-18 00:12:14+00:00,1
Ugz1FaWjW1Jun8Ft5s54AaABAg,@ramiroyuyes4168,as una encuesta en q tipo de entusiastas de pc te ven si sale q la mayoría son de pc económicos as varios videos von configuraciónes económicas trata de buscar tu publico y dales cosas de su interés y ya de ves en cuando subes videos de lo q no tienes tanto publico para igual no quedarnos sin el contenido de siempre q me encanta,1,0,2026-05-17 19:38:29+00:00,1
UgyUEyCbKB-DIGXNWl94AaABAg,@SHARAMUTHA,Hagan todo en ese orden,1,0,2026-05-17 23:27:18+00:00,1
Ugzf6hVXkrOyuFNdDHF4AaABAg,@TioBundy,"Cuando salgan cosas tipo Steam Machine, &quot;consolas&quot; de salón que sacan, intentar comprarlas o pedirlas al proveedor y hacer comparativa de rendimiento con un PC equivalente en precio también. Lo hacen otros canales, pero vosotros sois más guapos😊",1,0,2026-05-18 07:44:57+00:00,1
UgzgnVQNasqK9h3QXHd4AaABAg,@guillermocarrasco766,"Me interesaría ideas 1,2,3,8 y 9 añadiría anécdotas de vendedor.",1,0,2026-05-17 20:48:55+00:00,1
UgxlAOAM83RAX0RhoQF4AaABAg,@TheMiltonCanal,"Muy buen análisis, cracks. Lanzo una propuesta de contenido que creo que aportaría muchísimo valor: vídeos dedicados a equipos para trabajar de diferentes gamas de alto y equipos optimizados para IA. Estaría genial ver cómo plantean configuraciones donde la prioridad no sean los FPS, sino la estabilidad 24/7, la capacidad masiva de RAM/VRAM para cargar LLMs locales, y almacenamiento en paralelo. Es un sector profesional muy potente que a veces queda a la sombra del hardware gaming y vuestro enfoque técnico en esto sería brutal.",1,0,2026-05-17 19:16:23+00:00,1
UgwLRQnmX9wGD0Mj5z94AaABAg,@charlyags.,"Yo soy un Cateto con respecto a la informática a nivel de software, hardware todo. Pero sin embargo veo vuestro canal, creo que a parte de graciosos lo más importante es que sois sinceros.<br>La verdad es que muchas de las ideas que comentáis son buenas y son cosas diferentes a otros canales.<br>Un saludo!",1,0,2026-05-18 12:21:24+00:00,1
UgwuTK8mp4EwmTfDTwp4AaABAg,@gistrigo2801,"Ustedes dan confianza y respaldo, nunca se puede comparar vuestro trabajo con el de muchas marcas del mercado que caja muy bonita pero luego dejan que desear, el trabajo hay que pagarlo, le pese a quien le pese. ♥ (Añadido) Joder Raul las viciadas de los sábados a la noche te dejan cabreao, cada vez que mencionas un juego golpe en la mesa, jugar contigo debe ser la ostia jajajaja <a href=""UCkszU2WH9gy1mb0dV-11UJg/2sIfY8vIG8z96ALulYDQDQ""></a>",1,0,2026-05-17 19:08:38+00:00,1
UgzX4AzULqDIJWDXidd4AaABAg,@genatax30,"Estaría también chulo, ya que montáis a cascoporro , algo que poca gente toca las bios, ver la configuración de las marcas más usadas Asus, Msi, Aorus, etc.. algo estándar para luego salen mil errores y es por falta de configuración..",1,0,2026-05-18 03:59:28+00:00,1
UgzulNxLNSE4i9SfVqF4AaABAg,@santosps3,"A mi lo que mas me gusta son las comparativas, pero muy por encimas los programas que aconseja Raúl, ya sea para visualizar temperaturas ya sea para ver la salud de los discos duros. Aprendo mucho mas de los comentarios que hace en los videos que los videos en si.",1,1,2026-05-17 20:27:26+00:00,3
UgycupDizAv-tYrihR14AaABAg,@frankdavidramosalvarez9668,"El contenido que saquen por mi esta bien, pero la primera idea de comparar cuanto podemos aprovechar el dinero que nos gastaríamos en una Pc o laptop comprada en un centro comercial con respecto a una, tanto armada por piezas o una pre armada esta super bien, ya que a la hora de comprarme la mía tuve que hacer unos 2 meses de estudio y vi muchos videos de ustedes o de Nate para poder hacer la compra, y creo que eso nos ayudaría bastante a nosotros los menos entendidos.",1,0,2026-05-17 19:08:30+00:00,1
Ugx0XAj7ZbwYTX_5dXN4AaABAg,@BryantMyersSSJ,"me gustaria ver como arman computadoras con graficas mas antiguas que aun tienen algo de potencia que dar para las personas menos pudientes y asi tengan una idea de que equipo adquirir si sus presupuestos son mega ajustados, y que tambien muestren benchmarks de ello",1,0,2026-05-18 09:41:01+00:00,1
UgzS7OrfEBlXs2okDIZ4AaABAg,@helvo666,Un vídeo montando un pc para música estaría muy chulo,1,0,2026-05-17 22:01:22+00:00,1
Ugy6x2eUt84UxgMHxN94AaABAg,@CinofiliaES,"Vuestros videos de explicaciones de diferentes componentes, como el de los chips de las placas bases están muy bien!! y ayudan mucho, a gente que como yo quiero comprarme un pc nuevo! A mi me gustaría que por ejemplo, hicierais videos comparando componentes, para al final elegir los componentes y montar el pc perfecto, dependiendo de diferentes presupuestos! Me gustaría comprar alguno vuestro premontado, pero algunos componentes no me terminan de cuadrar por las explicaciones que habéis comentado en vuestros videos....Lo hacéis muy bien! Suerte",1,0,2026-05-17 21:11:13+00:00,1
UgzlNT9DQe4n8yy9F5h4AaABAg,@rixsunekage7818,Me gustaría ver ordenadores para productividad y también me parece divertido ver que monten hardware chinorro. Ajaja que buen video,1,0,2026-05-17 19:17:23+00:00,1
UgwYsOkqOhw3TGE7Hcx4AaABAg,@pacodiazg,"Lo que queráis os va a funcionar, molan mucho vuestros vídeos , pero ealgún setup estaría bien , como quedan vuestros equipos 👌👌👌👌",1,0,2026-05-17 20:16:35+00:00,1
Ugz0VgXeCk4ECKUwxox4AaABAg,@D3X-07,"Hagan builds de Pc, para cada budget, en plan ir diciendo cada componente",1,0,2026-05-17 19:07:57+00:00,1
Ugz816Tmxyft5bscIAx4AaABAg,@Fran-b6o,Podriais hablar de formación y empleo en el sector de la informática? Es algo que me interesa,1,0,2026-05-17 19:15:52+00:00,1
UgxCFQyAsFutqemd6dt4AaABAg,@Coolicelol,"Videos reparando equipos, tipo Greg Salazar, a mi al menos me entretienen bastante.",1,0,2026-05-18 16:41:45+00:00,1
UgwLWEb7etWSDRqqdiZ4AaABAg,@deymiguelon,"La verdad así como van llevando el canal me parece bastante bien, igual todo lo de tecnología nunca pasara de moda así es que tendrán muchos temas para hablar a futuro, a mi me agrada el formato y la manera en que explican los videos.",1,0,2026-05-17 19:10:34+00:00,1
UgxxFMhXrnMoYuHujI14AaABAg,@monka991,"Pueden dar noticias importantes, review de cualquier producto y irlos comparando, comprar por diferentes plataformas y ver como les llega vs uno conseguido en la marca, hay varios temas, ensambles, errores comunes, y cosas asi",1,0,2026-05-18 00:20:50+00:00,1
UgzRhp8OHvT499EGQf94AaABAg,@ManuelCifuentes-m3s,Perfecto,1,0,2026-05-17 20:50:51+00:00,1
UgxH_go9GynFrORcJHF4AaABAg,@elrubialesss001,si son buenas ideas,1,0,2026-05-17 20:35:36+00:00,1
UgyAmsSe7g2I_Ypg6nJ4AaABAg,@fernandovillegas3830,Todas las ideas son buyenas e interesantes,1,0,2026-05-17 19:11:52+00:00,1
UgyVE8Ifv-eCaIRQo_54AaABAg,@neyderraulmoreanocchuana5008,"IDEA DE ORO: Debido a que actualmente todo esta lleno de IA y lo woke, creo que algo que casi nadie esta haciendo es un canal sobre posiciones sexuales sobre una computadora, ejemplo un trio con una mujer + 1 monitor, o reemplazar a la mujer con un cpu, asi seria tener relaciones con artefactos de computo",1,0,2026-05-17 21:34:53+00:00,1
Ugzd2TmQy5A99h9CGV94AaABAg,@ramiroyuyes4168,"me pareceria bueno también q vean videos en ingles y hagan algo parecido pero dando el nombre del otro canal el ingles como dando a entender q lo hacen para publico en español , uno q me gustaria es el organizador de cables pero para todo tipo de fuente jeje y maneras de esconderlos y ponerlos en diferentes cases me gustaria eso",1,0,2026-05-17 19:36:01+00:00,1
UgwJj8L_Q3lz54D2E7x4AaABAg,@yangonzalez1004,Ideas 1 y 3,1,0,2026-05-17 19:07:49+00:00,1
UgzIVBzIiirAMrvznv54AaABAg,@RealSG-h7c1c,"IDEAS<br>- Hacer directos montando pcs custom (si los haceis) y mientras responder preguntas<br>-collab con lifeinformatica<br>- hacer tutoriales como montarte un pc con un presupuesto, (Decir piezas por ejemplo con 1000€, 600€ o etc)<br>- Hacer lo que querais, skeches de comedia sobre pcs<br>- Canal gaming que quiero ver a raul jugandose un cs2<br>- hacer canal de discord donde pongan piezas de pc y setups y valorarlos (este estaria guapisimo hacerlo)",1,0,2026-05-18 17:06:06+00:00,1
Ugy_xV4wMfQYmwkM9id4AaABAg,@Vsoen,"En mi caso, es que ustedes me caen súper bien. Ojalá no cambien el formato, porque me he visto casi todos los videos. Claro, algunos me gustan más personalmente, como los de ver ordenadores sobre la mesa, el taller y esas cosas, o cuando Raúl se pone a explicar algo. También el de la limpieza de ese cacharro lleno de “pelusas vivientes” estuvo buenísimo jajaja. <br> <br>Pero incluso los videos que quizá no me interesan tanto, como los tier list de monitores y cosas así, igual me los termino viendo porque me entretienen. Me gusta esto de que ahora los videos sean más largos. <br> <br>A mí me encantan los ordenadores y todo este mundillo, y por ejemplo jamás me he terminado un video de Nate Gentile porque me da pereza. En cambio acá entre el gordo calvo (con cariño jajaja) y los colores de los videos, ya te quedas pegado mirando.<br><br>Lo único que no me gusta mucho es que suban videos los domingos jajaja. Ojalá fueran un miércoles, en plena semana, o aunque sea un sábado.",1,0,2026-05-17 20:44:57+00:00,1
UgyZXnN-CDAm5AjswsB4AaABAg,@tunormal,"Cuando veía vídeos sueltos pensaba que Raúl era un sabiondo. Pero cuando me salían sus vídeos los seguía viendo. Ya llevo un tiempo suscrito y me veo todos los vídeos. Es un tío cojonudo, nadie te hace un vídeo hablando de tecnología con este dinamismo y recalco, cercanía.",1,0,2026-05-17 22:06:45+00:00,1
Ugx7s1tJEn7FTasmsc14AaABAg,@valeresende148,"Porque no me regalan una gráfica medio pelo (no pido mucho), un poco de ram (16gb ddr4 no estaría mal) y 1tb de nvme m.2 porfa, gracias, y para el canal no se, borrenlo",1,0,2026-05-19 20:38:14+00:00,1
Ugy4JW9RXE42D6FPOqB4AaABAg,@borjagamarradelalamo2744,"A mi como si Raúl me cuenta como le ha ido en la compra de la semana, me lo voy a tragar como un bendito. A mi personalmente me atrapó el canal por el conocimiento técnico contado con mamoneo haha, cualquier cosa técnica que enseñéis y expliqueis de esa forma, perfect",1,0,2026-05-18 08:04:39+00:00,1
Ugxltd5kWLB4ueBYhvR4AaABAg,@V3rn0,"Os vale si a todo? Ale va, a no perder el tiempo y a hacer horas extra 😂😂😂.<br>Sois muy buenos 😊 Enhorabuena, os lo mereceis 💪🏼",1,0,2026-05-17 19:34:14+00:00,1
UgzdLX9umMg4FomF72p4AaABAg,@gobIinl,"Empecé viendo el vídeo de la tierlist de sillas (al final me acabé pillando la Markus), y luego me metí al canal y me vi el de cómo limpiar el PC y el de las preguntas incómodas al soporte de la tienda… y desde entonces, día tras día, me estoy bebiendo todo vuestro contenido. Además de aprender un par de cosas, disfruto mucho y me río un montón con vosotros.<br><br>Algunas ideas que se me han ocurrido:<br>- Novedades tech y lanzamientos recientes.<br>- Qué tener en cuenta antes de volverse loco comprando piezas de oferta y montar un Frankenstein.<br>- Setups de suscriptores.<br>- Cómo montar un PC desde cero paso a paso.<br>- Algo más específico: me encantaría conocer vuestra opinión sobre los portátiles modulares de Framework.<br>- Por qué no trabajáis con portátiles (¡yo sería vuestro primer cliente!).<br><br>En serio, cualquier cosa que hagáis con el carisma que tenéis ya es más que suficiente. ¡Seguid así!",0,0,2026-05-21 16:38:54+00:00,0
Ugx2v5zkEJjLoAnUWTx4AaABAg,@elrubialesss001,aconsejar mucho,0,0,2026-05-17 20:32:43+00:00,0
Ugw_Yjd6GySQvSekYfJ4AaABAg,@gustavojvg6,"Probar Windows 3.11, Windows 95, Windows 98, Windows 2000, Windows ME, Windows XP, Windows Vista en un Ryzen 9 9950 X3D, 64 Gb DDR5 8000MT y una RTX 5090.",0,0,2026-05-17 21:26:02+00:00,0
UgxhKDh8xgtqy-cph7J4AaABAg,@Sarce82,600 horas no es nada en Tarkov jaja,0,0,2026-05-18 14:33:55+00:00,0
UgzrU9CoXaUa6kUvjvx4AaABAg,@PcloveGames,Y por que no hacéis de todo un poco?,0,0,2026-05-17 19:06:59+00:00,0
UgwrVC484kO6CqjtTUB4AaABAg,@guillermeleonardoferreirac3913,¿ Sitios web fiables para comprar componentes ?,0,0,2026-05-17 20:51:00+00:00,0
UgxIUgZ6wwhMmO_vbnV4AaABAg,@11t3li0S,la persona de la derecha creo que antes vendia productos para el pelo,0,0,2026-05-18 07:06:19+00:00,0
UgxICEA-t3_GScrhSfV4AaABAg,@SHIBARIETH,"Ideas bastante egoista....:<br>Configurar y optimizar, (pero de verdad) monitores oled para sacarles el provecho debido...<br>Esque no hay un dios que encuentre a &quot;NADIE&quot; que sepa mexianamente lo que hace y ya mucho menos el porque...<br>Quiero decir que con una 5090 y odissey de 1000 y pico pavos y no hubo huevos de hacer que se viera bien en los 3 monitores que tengo que usar...<br>Al final, aunque suene a coña...sabeis quien me lo &quot;configuro bien&quot;?... el puto chat gpt... O.o hahahaha",0,0,2026-05-21 19:08:22+00:00,0
Ugy60k2nC5zWJlyQKWZ4AaABAg,@wisepds,"Haced un canal de review &quot;si tienes cojones&quot;. Al revés. Buscad reviews sinceras de verdad. De manera que mandas el mensaje de: SI TU PRODUCTO ES TAN BUENO, ten cojones a mandármelo.... y si conseguís que sea así... seréis únicos... Ahí dejo la idea.",0,0,2026-05-17 21:24:23+00:00,0
UgydP0MzWW-yq4xsW-94AaABAg,@dgc2780,Cerrar.,0,0,2026-05-17 22:53:14+00:00,0
Ugz6pKEppEFRzxvqO1F4AaABAg,@mandelnight,"quereis un video? PC de del copon y no tengo huevos a jugar al fortnite... pero del copon eh! la lio parda con IA en local (en otro disco duro, vieja escuela tambien Raul) pero no hay huevos a que el fortnite no se me cierre... (sin chetos, evidentemente)",0,0,2026-05-18 13:15:00+00:00,0
UgwbwuQiqfpK8QdVRSN4AaABAg,@franj0791,Y si comentáis los pcs de los seguidores?,0,0,2026-05-18 02:20:32+00:00,0
Ugzx7DR7gWSEXM3Ji-N4AaABAg,@jaimegsus,"Comprar y montar ordenadores comprando de segunda mano da mucho juego y seguro que sale contenido brutal. Aunque seáis tienda y pueda parecer tiraros piedras al tejado en verdad no tanto porque seguro que alguna compra sale mal y os venden algo roto. Esa es la realidad de la segunda mano, chollos y engaños a partes iguales.",0,0,2026-05-18 17:18:43+00:00,0
UgxUD3oVYhZD2IuyskN4AaABAg,@Error404_Simpatia,"Siendo que sois especialistas, deberíais ir al mercado nicho. De enfermos como es mi caso que por 2 grados menos hace un estudio.<br><br>Es lo que a mí me gustaría. Pero yo os seguiré igualmente.",0,0,2026-05-17 19:34:56+00:00,0
UgyAQmFwgdA2n9Yg0xJ4AaABAg,@GTA6PS5_PRO,Ya veréis cuando salga GTA 6 😂😂😂 va ser horrible abrir YouTube y redes sociales .,0,0,2026-05-20 06:34:53+00:00,0
UgyY7REqLkkJYHhd0Ch4AaABAg,@jaimesanchez_669,saca el peor hardware que haya podido existir,0,0,2026-05-18 17:18:47+00:00,0
UgwawZ4ugIN_VnA_Bdl4AaABAg,@GordonFree98,"Saludos crack. Un tutorial de Steam a fondo, filtros de búsqueda si querés algo en específico, como acceder a características ocultas que no imaginamos que tiene Steam, modo Big Picture si puedes iniciar el PC en este modo automáticamente..., en fin cosas que no sepamos de Steam.👍👍. Saludos",0,0,2026-05-19 05:05:33+00:00,0
UgxZp7WD2guXOmv7YPd4AaABAg,@renzopirali6731,Cursos de informática para miembros podría ser algo interesante para quienes quieran adentrarse más de lleno,0,0,2026-05-21 16:17:31+00:00,0
Ugz-5KkFrcbXfi4pNrJ4AaABAg,@Ch0lry,"Mi gran sueño en esta vida es tener un trabajo como vosotros, montando y enseñando ordenadores para el resto de personas, ya sea para jugar o trabajo. Tengo 21 años y es algo que llevo siempre encima y me encantaría poder vivir de ello y mostrárselo a mas gente y enseñarlo. Siempre a sido lo mas importante para mi este mundo, y me gustaría muchísimo que se me diera una oportunidad en esto, ya sea con vosotros o en otra empresa. Es algo que mi familia siempre me ha dicho que no vale para nada, pero sigo teniendo las ganas de el primer día durante todo este tiempo que llevo metido en este mundo. He montado mis propios equipos y equipos para conocidos y amigo, no hay palabras que puedan describir lo que siento al montar un ordenador, es como un amor escondido. Igualmente muchas gracias por seguir ahí trabajando para el resto. Pero el canal sería lo mejor mezclarlo un poco, podríais hacer montajes en directo por ejemplo, enseñar presupuestos tochos que os an mandado. A mi por ejemplo esas cosas me flipan, por eso normalmente os veo, de verdad. Muchas gracias",0,0,2026-05-20 13:38:04+00:00,0
Ugwhilw4-iYdl5KM3TZ4AaABAg,@konzentrix,Si a todo !!!!!!!🤣,0,0,2026-05-19 07:41:57+00:00,0
UgzoZbWW3jj9szxOOoV4AaABAg,@japendon,Todo lo que habláis en el video son buenas ideas. También creo que estaría bien comprar el mismo pc con Windows y con una distro linux.,0,0,2026-05-19 20:15:22+00:00,0
Ugz7shGH0sx2gfEp8Sh4AaABAg,@jonij7765,"aunque hicierais un canal de cocina, os veria igualmente, teneis carisma y un sentido del humor muy especial a la hora de contar las cosas.",0,0,2026-05-18 12:55:25+00:00,0
Ugx0PrIj-fPQFuBikO54AaABAg,@dr.manthanos7781,"<a href=""https://www.youtube.com/watch?v=2s8KgYcDwG8&amp;t=5"">0:05</a> cameo al zellen xd",0,0,2026-05-17 21:27:30+00:00,0
UgyBqxMPSXdRNtSqDtt4AaABAg,@agustinosorio3707,"Raul habla de combos CPU + GPU, AM4 y AM5 porfa. <br>Saludos desde Argentina, los veo siempre!",0,0,2026-05-19 22:23:14+00:00,0
Ugwh68fZr--Vc5mfpwB4AaABAg,@Sarce82,"Yo quiero un video de portatiles, es una rama de lo que no hablais nunca",0,0,2026-05-18 14:25:51+00:00,0
UgwVhSolwAWwW5mwmbh4AaABAg,@IgnacioMsai,"Hola chicos, increíble trabajo. Me gustaría que hicieran videos de setup para productores de música je.",0,0,2026-05-19 07:40:14+00:00,0
UgxpiOlg-Ubs88jeY3F4AaABAg,@ClauDim-z8c,"Pues ideas.... mmm puedes hacer videos sobre como meter la windows por primera vez en tu primer pc, si no tuviera protecciones la targeta madre pues como podemos regresarle a la vida reprogramando la bios y ver las idferentes protecciones, actualizar lo videos de fuentes u otro quien sabe",0,0,2026-05-20 13:16:51+00:00,0
Ugy3AU_T5yxGDcRmvqp4AaABAg,@CamiloRodríguezQuirós,Me gustaría un video donde expliquen como evaluar los componentes/características de un PC comercial.<br>También me gustaría ver video de cómo optimizar la configuración del PC,0,0,2026-05-19 12:11:14+00:00,0
UgyQXWVbRD0FtfL7ElZ4AaABAg,@juliatros,"Muy grande el canal, a ver qué dice la peña. Yo es que no tengo imaginación para estás cosas. Si se me ocurre algo os lo diré.",0,0,2026-05-17 23:30:10+00:00,0
UgwjF82W8U4IvymxYgF4AaABAg,@gregori2424,"estaria cool una race entre tecnicos a ver quien arma una pc primero, o quien la daña en peor de los casos jijijji",0,0,2026-05-19 04:07:06+00:00,0
Ugy0lEtm2GUkRpvaLAB4AaABAg,@CUADRADITOSS,"Ya que montáis pc grabad builds de montajes, cableado, trucos de montaje, como os apañais cuando tenéis problemas, o alguna build custom que os pida algún cliente top, etc",0,0,2026-05-18 12:08:39+00:00,0
UgwuEldnZloxAhU_tRp4AaABAg,@kinghomer_97,"Lo que planteáis sería una muuy buena idea para el negocio, espero que vuestro jefe os lo permita",0,0,2026-05-19 07:56:40+00:00,0
UgwH1NjARZ-is1FhFfR4AaABAg,@andresgutierrez4134,El tema de lo de la solución de conexión estando donde Cristo perdió la chancla me parece genial. <br><br>El tema de comparar clónicos me parece fantástico🎉 porque siempre siempre me he ido montando los PCs y los siguientes ya van a ser comprados a EpicalQ o donde sea mejor. Ya estoy mayor para seguir montando,0,0,2026-05-19 20:20:19+00:00,0
UgwT1EDiUtRCqwtm7y14AaABAg,@jorgemiranda-i7x,"¡Saludos a todo el equipo, y en especial a Raúl, con el que me parto de risa! Qué buen video se mandaron, la verdad que se valora un montón la transparencia que tienen. Acá van algunas ideas como habían pedido: <br>1) Estaría genial un video enfocado en cómo armar una PC gamer para Inteligencia Artificial corriendo 100% en local (aunque no sea como en la nube, se gana en privacidad y suscripciones). 2) Ante el drama de los precios de la RAM DDR5 y los componentes tradicionales, ¿qué tal si investigan opciones viables de manufactura de empresas chinas? Estaría de locos ver una review real y sincera de memorias como las de CXMT para ver si son una opción aceptable de reemplazo o si es una mala idea que va a levantar 100 grados al primer render. <br>¡Abrazo desde Argentina!",0,0,2026-05-19 14:47:58+00:00,0
Ugx7OAKp2zWMI2C2ACt4AaABAg,@jackgriu,"esata wapo sabiendo lo que sabeis y hablando como hablais de la tecnologia y tal hagais lo que hagais estara entretenido y sera buena informacion, mucha suerte y a seguir. seguro que salen temas tending topic sobre los que reaccionar y habra de que hablar siempre jeje salu2",0,0,2026-05-18 17:57:07+00:00,0
UgyJ4w5nbW-DZLFacGJ4AaABAg,@Navilo,"Todas son buenas ideas, me llama el pc mini más potente posible para el salón... y luego tb algo que podamos pagar, jaja... instalación de refrigeración líquida custom con el paso a paso.., como se instala una refrigeración líquida a una gráfica... y cualquier cosa que se os ocurra...",0,0,2026-05-18 11:36:47+00:00,0
UgwTTNK1RWs9icLYCuR4AaABAg,@oscarultrafenix1782,"los que tengan preguntas para montarse su pc y no sepan que componente les va mejor, si tienen la posibilidad que vayan a montarlo con vosotros y así aprenden y encima os conocen y salen en el vídeo",0,0,2026-05-18 16:23:01+00:00,0
Ugz1uPYOklGFq3Am4RV4AaABAg,@adolforamos5454,"Idea que he visto muy poquito...<br>Que pc montar para jugar al simracing, tanto para un solo monitor o para tres, por ejemplo. Desde uno básico hasta otro para montar un simulador con movimiento.",0,0,2026-05-18 14:30:56+00:00,0
UgzF5ldEjTDe-j1Vt8x4AaABAg,@piolo512,"hola , me gusta tu contenido . hablas un poco rapido y aveces no te entiendo . pero tu contenido es muy bueno . saludos desde Mexico !!!!!! me gusto mucho el video donde hablas de como funciona las tarjetas graficas !! seria bueno que hicieran videos de armados de PC",0,0,2026-05-18 01:34:15+00:00,0
UgwTYQyRdwHA7b-rNFF4AaABAg,@wikiwakawiki,"Cualquier cosa que hagáis me lo voy a tragar, me parto de risa con vosotros y encima aprendo cosas, es como la antítesis de lo que fue mi profesor de informática en el instituto (ha llovido desde entonces). Por daros algunas ideas por si os sirve: PC que sirva para gaming, para trabajar (tema ofimática sobretodo, que tenga buena conectividad con otros dispositivos y qué dispositivos pueden ir bien para esta tarea, como lo que hace Apple pero sin pijerías) y ya sería la hostia que pudiera ponerlo en alguna mesa/pared o lo que sea para poder quitar las cosas de enmedio y ponerse uno a pintar Warhammer. y Sí, trabajo y ocio en el mismo sitio, el ir al gimnasio sería obligación ya no por mantener el físico si no por no crear costra en la silla.",0,0,2026-05-18 14:17:07+00:00,0
UgxDn4CXDGv0XZ9kkHx4AaABAg,@cesartorres7228,"Yo hace 2 meses me cambié al gaming en PC y quiero hacer mi primera PC montada por mi. Me he visto muchos videos estos ultimas semanas. Cosas que me gustaria ver ahora mismo:<br>- Guia montando PC<br>- Guia de logica para escoger componentes<br>- PC gaming gama baja, media y alta para 2026<br>- Competencia entre empleados montando PC por debajo del presupuesto.<br>- Optimizaciones para settings Bios<br>- Mantenimientos a PC sucias ver un antes y despues.<br>- Montar un build en base a alguna pieza que tenga descuento en ese momento. <br><br>Etc etc etc",0,0,2026-05-18 22:25:40+00:00,0
UgxFVDTzlbOSvU05OYh4AaABAg,@Ocol33,"Yo veo lo k sea ,tira para acá y te dejo el like",0,0,2026-05-18 21:48:31+00:00,0
UgwBEUFGiI9xsB1bcr54AaABAg,@TabacoTheGreen,Hacer un video de lo del rma de las cosas que se suelen romper y de las que no y luego de las cosaa que la gente cree que rompen por defecto de fabrica y es mas por el usuario y viceversa. Eso estaria interesante.,0,0,2026-05-18 05:35:21+00:00,0
UgxwTgN_HFePPh7WsyB4AaABAg,@Anderr997,"El que quieran tener en cuenta a la audiencia es evidencia que les apasiona lo que hacen, definitivamente me monto mi ordenador con ellos.<br>Tomaría el tema de la ventilación como una idea para un vídeo, calidad precio beneficio, que si es mejor la refrigeración por aire que la refrigeración liquida. Cómo segunda propuesta la de calificar setups, aquí creo que podrían hacer alguna serie de 2 o 3 capitulos mientras cuentas las típicas historias de experiencia locas y raras.",0,0,2026-05-18 11:08:47+00:00,0
UgzmdhrYCXfmmK6pJ-Z4AaABAg,@therhyte,"En mi opinión, porque otros canales de tecnología más grandes hagan cierto tipo de contenido no os tiene que hacer evitarlo, por ejemplo, una cosa son las noticias y otra es mantenerse actualizado, analizarlas y dar recomendaciones en función de eso con vuestro toque y opinión personal. Además, parte de vuestra esencia es que os dedicáis a montar equipos muy específicos para contextos y necesidades concretas y que salga algo chulo, si lo juntáis todo podéis ir haciendo videos para cada caso y presupuesto y a medida que el mercado suba o baje de precios, stock, nuevos componentes... ir renovando cada uno de esos videos y explicar por qué ahora algo puede ser mejor idea pillarlo para cierta gama mientras que antes no, o viceversa. Que luego además como tenéis una tienda podéis enlazar algunos PC que justo encajen con esa casuística (rendimiento, presupuesto, tamaño, ruido, estética...). Entiendo que no queráis convertir el canal en un anuncio pero si hay algo que resulta que tenéis que encaja con mi situación me gustaría saberlo. <br> <br>En mi caso, por ejemplo, por motivos personales paso largas temporadas en 2 sitios, y además teletrabajo, por lo que tengo 2 set ups fijos (sin ordenador) y luego me llevo el ordenador del trabajo y el personal de un lado para otro, quizás hay una solución más elegante como pillar un sobremesa para usarlo como servidor y conectarme desde cualquier sitio pero siempre me ha dado miedo gestionar que se vaya la luz o el lag, ver pruebas de como algo así podría funcionar puede ser interesante. También lo de la camper y setup gaming en mitad de la montaña es buen contenido, aunque a mí no me aplique me gustaría verlo, incluso podríais abrir un canal de discord, telegram... en la que la gente podría explicar su situación y sobre los casos más votados o más interesantes hacer un video con una propuesta &quot;ideal&quot; o una solución y ver como funciona eso. Y así nosotros también podemos ver qué tipo de casos os podríamos encargar aparte de PC gamings estándar o PCs de la NASA para empresas millonarias jaja También en ese canal se podría hablar de ofertas, noticias... y crear comunidad y conocer gente.<br><br>Y las anécdotas de lo que os encontráis y lo que os pide la gente siempre son interesantes de seguir escuchando!<br>Un abrazo máquinas!",0,0,2026-05-17 23:26:56+00:00,0
Ugz3CXQskUCKZV_nbwF4AaABAg,@Invok_3D,"Yo llevaba más de 10 años sin comprar una una PC pieza a pieza y andaba un poco perdido<br>Necesitaba una para edición y modelado 3D, gracias a los videos de Monitores, fuentes, RAM y compatibilidad de piezas pude hacer una muy buena compra justo antes de la crisis, por esos videos yo veo todo lo que publiquen sea lo que sea.",0,0,2026-05-17 21:04:03+00:00,0
UgzoTVdBrmGgTddKj814AaABAg,@JoséCid-d3m,"Actualizaciones de Windows, Prueba de hardware, temática de creación de contenido, historia de la informática. 👋👋",0,0,2026-05-17 20:46:13+00:00,0
Ugz0FLDcHu3UEsm31P54AaABAg,@mecagonlreyyendiossihicier61,Clases de informatica y como montar cibers,0,0,2026-05-17 20:50:04+00:00,0
Ugzt0cK2VIPoJAwswfB4AaABAg,@jf9669,Un vídeo probandte pelucas con RGB lo pegaría.😂,0,0,2026-05-17 21:01:16+00:00,0
Ugw-67Q3CHjx_7WWQLV4AaABAg,@javiergonzalez8738,"No importa si hacen contenido que ya existe pq eso no nos importa, lo que nos importa son las personas que están hablando",0,0,2026-05-19 17:05:44+00:00,0
UgwagLQvh-ia08_SmAB4AaABAg,@Solv933,"Me ha salido este vídeo, y me ha parecido muy útil, no es lo habitual por aquí...",0,0,2026-05-18 16:18:42+00:00,0
UgyrxJ7ErwOhpqBgEz54AaABAg,@schliemann8320,"La propuesta Sección: &quot;Caña al mono del Corte Inglés&quot;, y ahí abrireis los ojos a mucho pardillo, sacando los colores al Corte.",0,0,2026-05-17 20:03:11+00:00,0
UgwD0WB_kdoBaq-D4XF4AaABAg,@GPICONS,Hacer gameplays con cada maquina con 3 configuraciones baja normar y ultra graficos y ver el rendimiento de la maquina despues podras hacer comparaciones de ellas en cada juegos y por ultimo tierlist de las maquinas analizadas y su rendimiento para mas videos comprativa calidad precio de las maquinas,0,0,2026-05-18 12:47:52+00:00,0
Ugwwnxcy1pu2fm3Q3dV4AaABAg,@lasersolider6115,De la Idea 1 lo de el corte inglés y comprara si lo haces tú y mejor es muy buena idea suerte,0,0,2026-05-17 19:36:58+00:00,0
UgyLCrekzfFm0ebtyTN4AaABAg,@robertosecas,Estaria interesante que enseñarais accesorios para pc fuera del tipico steamdeck capturadora etc....<br>Enseñar software que fuese practico .<br>Y podeis mostrar como haceis los pedidos. Yo para eso llego tarde :(,0,0,2026-05-18 14:42:29+00:00,0
UgzxiSUGFuNT5O9TeaN4AaABAg,@DavidGarcia-xh5sf,"&quot;todo el mundo se tira pedos, pero como los míos ninguno y no pienso parar&quot; <br><br>Lo peor qué puedes hacer es seguir la dirección que te señalan, tienes a muchos como yo que ve tus videos cuando está buscando algo.... igual en 6 meses no consumo nada y en un par de días me pongo al día. Mi consejo es que no te vuelvas loco con las métricas y según te apetezca vallas haciendo y subiendo<br><br>PD: lo de los miembros de pago es una chorrada y un desprecio al que no pone pasta. Si somos muchos es lo que hay",0,0,2026-05-18 19:57:32+00:00,0
UgyiBhZbUxfAHp2i2ph4AaABAg,@bui3_s,me gusta la idea 10 🙂,0,0,2026-05-18 13:50:47+00:00,0
UgxDgmepNjyxrOuYarh4AaABAg,@EdoDiazFredes,"Primero, muchas gracias por el contenido que nos traen.<br><br>A mí me encanta la idea de crear y configurar Mini PCs, soy usuario desde hace un par de años de equipos SFF y poder ver que se puede armar en base al hw disponible encuentro que podría ser una muy buena idea. Equipos diseñados y/o especializados para el ámbito profesional para explotación de data o equipos optimizados para el manejo de agentes de ia, etc...<br><br>Saludos desde Chile",0,0,2026-05-18 17:26:24+00:00,0
Ugw120QPtYOKfjgu1OF4AaABAg,@gxldesenor,"He visto varios comentarios apoyando la idea de recomendar setups &quot;profesionales&quot; y estoy muy de acuerdo. <br><br>Voy más allá y os dejo una idea para un futuro vídeo: setups de radiología desde casa 👀 (no todos los profesionales con requerimientos de PC son diseñadores, editores, etc). Desde el COVID cada vez hay más radiólogos trabajando en remoto y, sinceramente, apenas hay contenido en YouTube sobre este tipo de setups (y lo que hay es tirando a fulero). Creo que podría ser un nicho muy interesante y que se quedaría ahí para consultas constantes.<br><br>De hecho, llevo tiempo mirando opciones para montarme algo bien hecho para este uso y seguramente en unos meses os escriba para pedir presupuesto o consejo 😄",0,0,2026-05-18 19:13:54+00:00,0
UgzAkz8iHPdh2NV0el54AaABAg,@gistrigo2801,"1-Montar pc todo a 100 y ver cuando planta fuego, o no<br>2-Plantar un Starlink en la huerta<br>3-Comprar un premontarlo, destriparlo y devolverlo xD<br>4-Hacer competir el pc todo a 100 con el premontado<br>5-Crear un canal de Telegram solo para notificar los nuevos videos, noticias, ofertas o lo que sea. Somos muchos los viejunos que lo usamos.",0,0,2026-05-17 19:43:37+00:00,0
Ugw28fC8Xqu32iQ9-P94AaABAg,@Claudio-yl8vx,Saludos de Argentina Raul ! Sigo tu canal y me he visto todos tus videos ! Contenido que hagan lo estaremos disfrutando acá!!!,0,0,2026-05-18 19:17:56+00:00,0
Ugx7wy5Ng4x6VWENNkN4AaABAg,@breixosnationalgeographic7507,"Top <br>1- Torneo de videojuegos<br>2- Eventos LAN<br>3- Hardware chinorro<br>4- PC Wallapop<br>Todo el apoyo al equipo de epical desde Galicia, desde la otra punta de la península, me encanta vuestro trabajo e incluso me gustaría trabajar con vosotros (si pudiese) y conoceros a todos (sobre todo al Donante de Pelo).<br>Hagais lo que hagais veré el video y seguro que mola.",0,0,2026-05-18 16:22:31+00:00,0
UgzZOeA-jgcpdi7hK4t4AaABAg,@CirkkaG0,"Una gran idea es que en un vídeo, puedas analizar anuncios de Wallapop de pc ya hechas",0,0,2026-05-18 23:30:28+00:00,0
Ugy4hMTs2VylzGwBKsJ4AaABAg,@Afro-disiacoo,"Lo de hacer la puja mola , lo suyo seria que fuese un PC personalizado por vosotros. No que solo sean piezas top que podamos comprar cualquiera, si no, con algun mod o &quot;edicion limitada&quot;.<br><br>Y un detalle mas , me encantan los videos que haceis , pero creo que la musica hay que bajarla un poco que aveces se os escucha bien.<br><br>Un abrazo y seguir asi.",0,0,2026-05-21 12:56:39+00:00,0
UgyUshD9xCEDnG4i-GV4AaABAg,@AgusAdresH,"Claramente los que vemos sus videos es porque vemos lo que son ustedes, yo estoy juntando para armarme una pc y es gracias a sus videos que aprendo mucho, cualquier cosa que suban se les va a dar apoyo",0,0,2026-05-18 13:17:09+00:00,0
UgzY04M3gU5lhJ47d4t4AaABAg,@daikel5820,Ideas: <br>Montajes extremos de pc fuera de lo normal en cajas raras o lo que sea<br><br>Comparativas técnicas reales<br><br>Como testean un equipo de forma avanzada (osea fuera de lo normal),0,0,2026-05-18 13:29:47+00:00,0
Ugz8WxYoN4ye1Qlr6TB4AaABAg,@tanialcocerdieego95,"Explicar cómo configurar el software para jugar en específico o para editar o renderizar, según lo que busques",0,0,2026-05-17 21:15:57+00:00,0
UgyUkE3q8vZhkiXjt1d4AaABAg,@playgams-hu1jv,me gustaría ver mas videos parecidos al de los pecados del gaming estuvo de 10 gg podrían hacer uno de cada uno en profundidad,0,0,2026-05-17 19:57:46+00:00,0
UgzUr2-0BGvaj290d1x4AaABAg,@THEyoutubeGUIDE,"Qué pasaría si enfrentamos a todo el equipo técnico en un &quot;Battle Royale de Informáticos&quot; para ver quién es el verdadero Rey de la Oficina? El formato sería de eliminación directa a través de 3 pruebas épicas:<br>FASE 1: El Desafío del &quot;Cables-Ciegos&quot; 🧵❌ (Propuesta de Al)<br>Para empezar fuerte y cribar al personal, los participantes se enfrentan a una mesa llena de componentes totalmente desconectados. ¿El truco? Tienen que pasar, crimpar y conectar un cable Ethernet RJ45 a ciegas (con los ojos vendados) o identificar componentes antiguos/rotos tocándolos a oscuras. El que tarde más de la cuenta o confunda un procesador AM4 con uno de Intel... ¡Eliminado!<br>FASE 2: El Fuego Rápido del Soporte Técnico ⚡💻<br>Los supervivientes pasan a la zona de preguntas rápidas. El presentador les lanza problemas técnicos reales de clientes (estilo: &quot;El PC no da vídeo, pita tres veces y huele a ozono, ¿qué es?&quot; o &quot;¿Cómo solucionas este pantallazo azul en bucle?&quot;). El que tenga los reflejos más lentos o falle en la solución técnica, se va a la calle. ¡Solo los dos mejores pasan a la gran final!<br>FASE 3: La Gran Final: Speedrun de Montaje 🛠️🔥<br>El duelo definitivo. Los dos finalistas compiten cara a cara por ensamblar un PC gaming desde cero (procesador, disipador, gestión de cables y que encienda a la primera con su correspondiente POST). Para el vídeo, esta parte quedaría espectacular metiéndole un Timelapse a velocidad x4 o x5, con música épica de fondo y un cronómetro en pantalla gigante para ver quién es el montador más rápido del oeste.<br><br>Los &quot;casteadores&quot;: Si dos miembros de la empresa que tengan mucha labia comentan las jugadas de la final (el Speedrun) como si fuera una final de la League of Legends o de la Formula 1, el vídeo ganará el doble de entretenimiento.",0,0,2026-05-19 17:37:12+00:00,0
UgywOTIQu-H4dnZcoLV4AaABAg,@foxtrot0456,Culeaaa le vas arrancar las patas a la mesa tanto que se mueve jajaja 😂,0,0,2026-05-17 22:06:23+00:00,0
UgywHm1WzvNm5lhl6aJ4AaABAg,@rodrigomadrid9852,Queremos comparativas portátil va sobremesa. Cuanto menos rinde un portátil que un pc con una configuración igual,0,0,2026-05-17 23:39:38+00:00,0
Ugy-qCUSVFwOlrl1A8h4AaABAg,@nicotucan,"te amo calvito, podrías incluso hacer un video rascandote los huevos y aún así la gente te vería, ídolo. Saludos de chile",0,0,2026-05-17 21:15:32+00:00,0
UgzTX7o9mD_C_UjqdnB4AaABAg,@Xtakers_YT,"El tema de hardware chinorro podríais colaborar con Sfdx Show, o Tuberviejuner",0,0,2026-05-21 21:33:10+00:00,0
Ugzpc72YcExyxDUK-4Z4AaABAg,@joseantoniogonzalezperant8261,"Lo de profesionales de la música, arquitectos, IA. Lo veo.",0,0,2026-05-18 19:49:44+00:00,0
Ugy7Kks2DdH3O_-sf-h4AaABAg,@ferran1998,Yo compre un premontado en Coolmod y tuvieron la genial idea de meter la gpu mas basica de la rx 9070 xt en una caja microatx y sin ningun ventilador en la caja. En enero con la vram a mas de 90 grados. Podeis hacer lo que querais la gracia que tiene Raul pocos canales la tienen,0,0,2026-05-18 09:19:06+00:00,0
UgzPN593cLt6LObq23t4AaABAg,@JulianRossGeller,Dejad el canal en manos de la tal Paola y conseguiréis miles de subs.,0,0,2026-05-17 20:44:46+00:00,0
UgzOnx5DhOIYulfGu_B4AaABAg,@Bledxz,"de momento en 15 minutos lo mejor que escuché de idea de grabacion es entre miembros de epical el VS de la mejor build con un presupuesto establecido, pero sin repetir entre personas es algo muy jodido. Yo haria una ruleta para cada uno y que a cada uno le caiga un presupuesto distinto a suertes (el que le salga menos se jode y tendra que sacar menos fps), luego otra para que elija el juego donde todos haran las pruebas, y finalmente una ultima para por ejemplo restriccion de usar piezas de segunda mano, o no poder comprar combos tipo cpu + placa + ram ( que generalmente sale mas barato)",0,0,2026-05-18 01:34:18+00:00,0
UgwgeHDsgDzaxzHFxzV4AaABAg,@toreador25,el chocas calvo mola!!! viva el calvo chocas!!!,0,0,2026-05-19 05:00:16+00:00,0
Ugy2Zj8OnscOPsv7YE94AaABAg,@Flycatcher17,"No tiene mucho que ver con el vídeo, pero me encantaría que en Epical-Q se pudieran hacer pedidos por piezas.<br><br>Algunos PCs premontados tienen buen combo gpu+cpu, pero lo pagan con una fuente de baja calidad (entiendo que de algún lugar tiene que salir el beneficio), pero algunas prebuilds serían perfectas si se pudiera cambiar a una mejor fuente.",0,0,2026-05-18 11:10:09+00:00,0
UgxqnLJXZgHGCc7_efx4AaABAg,@rart31,"Aqui un sujeto de latam creo que a lo que se refiere con &quot;el corte ingles&quot; es a las tiendas departamentales tipo liverpool o sears, fabricas de francia, etc...",0,0,2026-05-17 19:11:14+00:00,0
UgzJsVw6VqSCBZuQdLN4AaABAg,@franciscobenedetti3793,"¡Buen video! Llevo un tiempo investigando sobre los nodos de Storj porque quiero armar uno. Mi idea es montar algo que no sea una solución &quot;cutre&quot; o improvisada, pero tampoco quiero gastarme una salvajada de dinero, ya que el objetivo principal es amortizar la inversión. Busco algo estético, limpio y fácil de mantener. Sé que tu canal está más enfocado al gaming, pero como conoces el mundo del hardware más a fondo, seguro tienes buenas ideas. ¿Qué componentes o configuración me recomendarías para empezar bien? y que opinas sobre los nodos de almacenamiento desentralizado y si seria mas viable ¡Saludos! haaa una cosa cuales serian las mejores configuraciones para jugar rust XD",0,0,2026-05-17 21:22:58+00:00,0
UgxPWm4UhO4STn0i7L94AaABAg,@makkisg1,"Yo creo que el siguiente paso lógico seria escribir un libro y promocionarle en todos los videos, como cualquier YouTube, que se precie jejej. pero vamos que yo me trago los videos por las bromas pa que os voy a engañar, saludos pal calvito, el chalecos y demás compañeros, de hecho podíais hacer un short presentándoos como el equipo A, El calvito como Fénix, el guapo del equipo y el gracioso, el chalecos como Hannibal el jefe... y presentáis al todo el equipo yo hay lo dejo. otra seria si fichais a alguien ponerle como la rueda de prensa esas que se dan cuando se ficha a alguien",0,0,2026-05-18 17:47:35+00:00,0
UgwjZxoWrm934miG-RR4AaABAg,@ajarebeliver8509,"Mis preferencias, por orden: Me gusta mucho la idea 4 sobre audio, la idea 9 es curiosa pero sugiero algo muy pequeño, no minúsculo, y con un equipo más mundano, es decir, lo más pequeño posible con componentes medios para jugar pero sin que se abrase, es decir una micro atx una fuente normal... Vamos, lo más pequeño posible sin arruinarse. Y la idea 8 no está mal, el resto no me gusta.<br>Por lo demás yo te veo haciendo monólogos y si te prestas a ello, tu hija te tocará más las narices, o directamente la fichas para el canal y que te toque las narices cada dos por tres nos íbamos a reír aún más, jajaja.<br>En serio, gracias por el humor y lo amenos que hacéis los videos, y en serio, ficha a tu hija y editáis el video con sus puyitas, cuanto más salvajes, mejor😜",0,0,2026-05-19 13:38:02+00:00,0
Ugw-FMwGnDtOaFJCJkJ4AaABAg,@IsmaelCaballeromr,"Estaría muy chulo, teniendo en cuenta vuestra experiencia que montaráis un servidor local de genIA para andar por casa... algo que no requiera comprarse una 5090 y que nos sirva para explorar cómo tener IA sin tener que gastarnos un pastón ni dejar nuestros datos por ahí... de ordenadores gaming está YouTube lleno....",0,0,2026-05-18 05:09:08+00:00,0
UgxEJ9Q4-xQCWv-qo994AaABAg,@Morkben,"Pc Gaming <del>potente</del> mas silencioso del planeta. Con test de decibelios y todo el rollo. Estoy hasta los cojones del ruido del mío, que suena al turbo de un R5 bajo el agua",0,0,2026-05-17 21:51:40+00:00,0
UgwVcxBmpSP-liGcyWx4AaABAg,@Trecegamer13,"Aparte de los proplayer, deja que los pequeños te enseñemos nuestras batcuevas ^_^",0,0,2026-05-17 19:01:38+00:00,0
UgyojiEpxq14onGQvyB4AaABAg,@xopolopez9035,"Quedadas para montar equipos en directo.<br><br>Ideas de soluciones curiosas para varios monitores, fuentes, varios equipos en mismos monitores, qué pasa con las TV como monitor...<br><br>👉Yo os he empezado a seguir para aprender lo básico y elegir mejor un equipo para AUDIO Y SONIDO. Y es todo un mundo en si mismo!",0,0,2026-05-17 21:44:30+00:00,0
UgyWYTQrKg6HIo-89jN4AaABAg,@Suso96,"Meterle LLM de IA a distintos equipos y explotarlos y hacer comparaciones entre IAS en los mismos pcs etc etc, va a evolucionar todo a IA y probablemente el futuro sea tener ia en local para todo…",0,0,2026-05-20 15:12:02+00:00,0
UgzWA_TRyHK6cUMz1Mx4AaABAg,@x__raiyu,"algún día y es creo que es más cercano un sueño húmedo que esto, pero Epical-Q X Nate Gentile<br><br>haciendo que? no lo sé solo pensarlo no puedo procesarlo",0,0,2026-05-17 21:54:07+00:00,0
UgzES1PBSzg0Zz_eHiB4AaABAg,@SargentovnRey,"Todas las ideas ya las tenéis, son todas buenas. Ahora a ponerlas en marcha poco a poco con el tiempo.",0,0,2026-05-18 09:58:33+00:00,0
UgzNkGsoUIMroliliBN4AaABAg,@rodrigosalgueiro25,"Para los del simracing, rendimiento en triples monitores. Saludos",0,0,2026-05-19 12:16:24+00:00,0
UgyLh0rv4ZFu8sCcLpR4AaABAg,@antoniogonzalezperez6393,Like 💯👍😊,0,0,2026-05-17 23:28:47+00:00,0
UgycBAP0MGUJn30IE4B4AaABAg,@alejandroconsta7772,Tier list de disipación líquida,0,0,2026-05-17 19:07:10+00:00,0
UgxhNZeGcGMyqehRuDV4AaABAg,@ramiroyuyes4168,"hacer armado de pcs para tipos de trabajo , lo basico medio y lo maximo q se puede armar , no solo gamer por ejemplo para servidor , devops , etc de cosas q varien , ejemplo para game lo principal es gráfica y ram ,, y para dev ops es cpu y ram y etc de configuración de diferentes cosas osea arquitecto , solo para estudio , para los de diseño, para usar linux o para trabajar con ia o musicos o etc",0,0,2026-05-17 19:34:07+00:00,0
Ugy4FeRHmfpiC10DPFd4AaABAg,@migueldbaw,A ver soy un cliente muy satisfecho compre el power no se que montado y no soy técnico y es que va genial estoy muy contento la verdad . Lo comparé con copilot y otros y me dijo que en España no habia precio calidad y modernos nada igual. Había muchos parecidos y había muchas antiguallas. Es que es muy facíl caer. Según copilot el epical es precio calidad y eficiencia energética y lo tengo en mi cara y no tengo ruido va genial. Un saludo y ánimo,0,0,2026-05-18 10:47:31+00:00,0
UgwTGrysW4QZB0-cJG54AaABAg,@PruckRute,A mí lo de starlink me encanta,0,0,2026-05-22 06:09:58+00:00,0
UgwhqaNkp9TBA1MZUkF4AaABAg,@Manu-Ishariel,"Ideas 9 y 8.<br>Idea extra: soy usuario de mini pc y encuentro pocos vídeos que exploren cómo sacar partido del puerto OCuLink, alternativas estéticas para montaje, gráficas apropiadas, etc. Seguid así!",0,0,2026-05-20 12:52:51+00:00,0
Ugx9Xo2_D8PTxvfFBCx4AaABAg,@edurl1,"Coger la lista y uno tras otro, jajaj, todas las ideas están genial!<br><br>Molan muchísimo vuestros vídeos!!",0,0,2026-05-18 13:51:19+00:00,0
UgxnPJz284YHQXoW7XV4AaABAg,@cobrata1991,"A mí me gustaría conoceros y aprender de vuestras experiencias, yo soy técnico, y no tengo amistades tan frikis como yo con los que hablar de esos temas. Monto ordenadores gratis encantado si me dan conversación...",0,0,2026-05-17 21:23:17+00:00,0
Ugz40hKHMuRt0GSdcBN4AaABAg,@mischievous1952,"Podríais aprovechar salidas de juegos con relevancia, tipo Resident Evil Requiem, Crimson Desert, Forza Horizon 6, etc, para hacer montajes rollo &quot;PC más barato para jugar Forza Horizon 6 a 1440p&quot; o algo así en el que hagáis un montaje calidad/precio, desglosando precios y tal, esto no da para sacar video al día pero aprovechando lanzamientos relevantes podéis sacar buenas visitas!",0,0,2026-05-18 10:34:20+00:00,0
Ugz9deHvnRZPYm6J2BN4AaABAg,@julianmontoya2970,probando cables elevadores pci de varias generaciones y su rendimiento barato y bastante informativo,0,0,2026-05-18 13:52:42+00:00,0
Ugx119YmlBnvqcrBBBx4AaABAg,@georgeln8190,"Buenas tardes Raulico, a ver ideas que yo te puedo dar seria montar un pc para producir audio pq tb soy medio dj y me gustaría crear mis temas de tech house e iniciarme en ese mundillo. .Luego ya si me ayudas a mapear una american audio vms 4.1 con algun programica como cross o traktor ya con eso me hago de pago de tu canal de por vida jeje.<br>tengo mas ideas como trastear pcs estilo sfdx show (me apasiona el trasteo).. no se... cosicaa.... Ademas que me hace mucha gracia como haceis los videos y me paso un ratico guapo. Saludos desde Orihuelica del Señó!",0,0,2026-05-18 18:49:13+00:00,0
UgxSP5pyXmZ6JKP4wl14AaABAg,@Dbr19,"Reviews tecnicas de cpus y graficas suben todos los canales grandes, pero no se suele subir mucha cosa de ciertos componentes como psu, placas base, cajas y disipadores/refrigeracioines/ventiladores como ya habeis comentado...Cuando me he montado un pc creo que me estos componentes son los que mas me ha costado encontrar informacion...El tema ventiladores como habeis comentado, hay algunos que son muy conocidos por su estetica, conectividad y rendimiento (lian li, corsair, noctua) y hay muy pocas comparativas directas, ademas me da curiosidad que pasaria si a un disipador de aire le cambias los ventiladores de stock y le metes uno mas potente de esa marca (Si algun dia me sobrase la pasta, no descarto unificar todo mi pc y meterle Asiahorse, incluyendo mi dispador thermalright...Que por cierto, dicen que es muy bueno calidad precio comparandolo con el Noctua mas tocho, pero tambien hay poca informacion) Tambien, he visto poco contenido en cuanto a altavoces para pc y mandos/gamepads...Para aquellos que no utilicen cascos para jugar y les vaya tambien usar el mando en los triples A...Pero eso quizá ya se salga un poco...",0,0,2026-05-18 09:19:21+00:00,0
UgwFJtHWx7Ym8l156YF4AaABAg,@RizesWho,Aqui en Chile si que existe el corte ingles,0,0,2026-05-21 02:38:30+00:00,0
UgwTd_uHdNP7SQrhV854AaABAg,@VIPEBOR,Tutoriales prácticos paso a paso para todos....,0,0,2026-05-18 17:42:40+00:00,0
Ugzr_4_Eu4KNO99srKt4AaABAg,@Noxito13,"Configurar un pc tras formatearlo, con esto me refiero a cambiar parámetros, desactivar cosas inútiles y demás q trae Windows 11 activado por defecto y solo sirven para consumir recursos",0,0,2026-05-18 07:15:35+00:00,0
UgyzJkCDXS70iYq_INt4AaABAg,@Me-la-pelass,Grabar un video de comp aplicar el shampoo en tu cabello RAUL.,0,0,2026-05-17 23:52:07+00:00,0
UgwEcdkzuEc-s6D3MTt4AaABAg,@WWsst23,Vendan el canal👌,0,0,2026-05-19 01:44:08+00:00,0
UgypSZ3HvrOPw3LM-Sh4AaABAg,@moritalex,Steam Machines Hechizas 😜,0,0,2026-05-17 19:33:50+00:00,0
Ugxbemh2iEXXuEtH2194AaABAg,@isparets9562,"tengo un hijo de 11 años que le gustan los ordenadores..(en casa no tenemos) pienso que videos como montarlos , estaria guay ,hasta para mi claro",0,0,2026-05-18 16:09:01+00:00,0
Ugzh9ZQCHDpKCd3OhWN4AaABAg,@palaz_MCA,Las mejores liquidas,0,0,2026-05-20 15:00:50+00:00,0
UgxTV0pvMCfpnTnIvPV4AaABAg,@sand9546,"Lleve mi pc a arreglar a una tienda aparentemente &quot;profesional&quot; en mi ciudad, y estoy seguro que me hicieron la guarrindonga y me cambiaron algo, por que desde que me lo devolvieron, el pc va a peor. Asi que, que tal un video de triquiñuelas y trampas que te pueden liar el primo farruco del compañero de curro para metertela doblada y darte gato por liebre.",0,0,2026-05-17 20:51:26+00:00,0
Ugzq6Pmoo0YIrksADc94AaABAg,@RubenIRPG,"Hola, yo no soy pro pero enseño mi setup 100% porque quiero enseñar que gastando poco rindes mas.",0,0,2026-05-18 01:07:00+00:00,0
UgwvDteGPqAvZT7o21J4AaABAg,@alfredodurango8868,"raul lo de pc orientados al audio 100%, otro aquí del gremio que ve muy poca info relevante, estaría chulo que tu que sabes de que va el tema lo enfoquéis en estos vídeos",0,0,2026-05-18 00:04:52+00:00,0
UgwqanhXiWwVbQ3CHtB4AaABAg,@TheMrComentarista,No creo que importe demasiado hacer cosas que ya hayan hecho otros mientras las hagas a tu manera,0,0,2026-05-18 21:16:42+00:00,0
UgxfH79lm7in0fEjOy14AaABAg,@ArmandoFollones,Yo creo que podrías montar un PC con lo último en componentes y regalarmelo 🙂,0,0,2026-05-18 01:59:21+00:00,0
UgwHHO7IOmXQEmICPdd4AaABAg,@jeremiasberrutti5453,"La diferencia entre usar 1, 2 o 3 monitores, como configurar windows 10 o 11 para que tome la frecuencia del o los monitores. <br><br>-como elegir y montar una refrigeracion liquida correctamente, sin pinchar el radiador con los tornillos de montaje en algunos modelos, mitos, vale la pena cambiar el líquido, con o sin pantalla en la bomba. .<br><br>Videos con la frace de como hacer tal cosa &quot;Sin morir en el intento&quot;",0,0,2026-05-18 16:53:15+00:00,0
Ugzm7xm4dhLHjHK9chp4AaABAg,@Garrotelider,"y grabar videos ayudandonos a sustituir piezas ??? ejemplo yo tengo una fuente en casa, que quiero cambiar a un pc que os compre ,,,siguiendo tus indicaciones ¿?? bueno es 1 idea un abrazote!!!",0,0,2026-05-18 01:13:18+00:00,0
UgyYlFjzr0vk4nWJsL94AaABAg,@DavidenkoRusso,"Pues estaria guapo optimizacion de juegos y solucion de problemas, en mi caso por ejemplo tengo un pc con una 5080 y un ryzen 7 9800x3d y he tenido muchos problemas para jugar un juego tan malo como el call of duty. He hecho mil historias y no encuentro una solucion final, habeis probado este juego con componentes top a ver si os pasaria lo mismo? es un ejemplo, podria ser para mas juegos pero en mi caso solo me pasa en COD, Un saludo!!",0,0,2026-05-18 09:06:18+00:00,0
UgyHMRwQ3_-V_Jgh_Tl4AaABAg,@todoterrainer1076,Celdas de Peltier weather cooling y poco espacio,0,0,2026-05-19 09:26:38+00:00,0
UgxmVzUi_JQAjheeSU14AaABAg,@pacopec0,A mí sinceramente una explicación /tier de marcas. Es Kingston más enfocada a calidad o a económico? Si me compro una puf 5030ti o una pikocaqui 5030 cual está más centrada en calidad o economía y que diferencia puede haber en esos niveles de calidades,0,0,2026-05-18 06:51:19+00:00,0
Ugwxb_ONlP9ufxArFWB4AaABAg,@pacogoal8339,Baile en barra americana,0,0,2026-05-17 19:10:46+00:00,0
UgyyTDUQxiNJGKNDXVR4AaABAg,@gordtto,"doy idea, porque no dar mejor explicacion opciones que nos puede dar la app de gforce expirence, sin mas profundo en el tema o ya que viene en mundial, decir donde es mejor verlo en un proyector o una tv...",0,0,2026-05-17 21:21:51+00:00,0
UgxDl4Jf1iiWWzFVtzZ4AaABAg,@enreplop,"¿Talleres de montaje, cable routing, modding, etc?",0,0,2026-05-18 08:43:14+00:00,0
Ugy6FerTfOstPLhZFA94AaABAg,@axux_77adportas53,Una seccion de mini pc´s del mercado ¿?... un revamping de equipos¿? en plan tengo este equipo que tiene X años a donde lo puedo mejorar a tope por lo minimo y que podria jugar ¿? ...quizas ya lo hayan dicho o sea una pijada...Gracias...Saludos,0,0,2026-05-17 22:07:03+00:00,0
UgwnjCdKMVUoKETMCzt4AaABAg,@juaniciocortes1181,"mejor premontados, la verdad detras de ellos",0,0,2026-05-17 19:06:26+00:00,0
Ugyx8ZyUSwdBdqO1xPN4AaABAg,@conchoflojo9596,"sacar inovaciones es lo que uno busca, cuando escucha uno lo mismo no tiene caso ver. buscar las inovaciones e investigarlas, su aplicacion real es dificil suerte.",0,0,2026-05-17 19:56:35+00:00,0
UgxjcA7km_2FZvaQKX14AaABAg,@bigmikeq92,"lo que más disfruto de este canal y su contenido es la forma en la que hablais de los temas, semi jocoso pero con sensatez y sinceridad",0,0,2026-05-19 03:45:24+00:00,0
UgzKzwzxRDNjnNZpDmx4AaABAg,@zangrimcnc9585,"Pues es normal el crecimiento. Raúl es un crack como cara visible, los vídeos están bien editados, y los temas son muy interesantes. Pack de 10/10. Me gustan prácticamente todas las ideas y cualquiera que hagáis la voy a ver, pero la que más me atrae es la de la entrevista a &quot;pros&quot; sobre su día a día con su trabajo. Y añado otra de mi cosecha: Análisis de componentes extraños, raros, o muy innovadores. Vamos, que se salgan de la norma.",0,0,2026-05-18 13:58:22+00:00,0
Ugxddq1zXNP1z84fp114AaABAg,@Bluu15,"Estaría bueno un sorteo de keys de steam ❤<br><br>Y como contenido, me gustaría que hagan comparación de temperaturas entre las distintas marcas y modelos de AIO, o las distintas marcas y modelos de Ventiladores.<br><br>Otra idea (ya la dijiste Raul), sería hacer un CAMPING LAN utilizando muchos mini ITX builds y jueguen unas partidas al counter o al juego que prefieran (si se pudiese en directo y luego editarlo, estaría piola)<br><br>Saludos desde Argentina 🇦🇷 me encanta los huevos que le ponen al canal, sigan así",0,0,2026-05-18 05:25:18+00:00,0
UgwFiVk2KTmXDNfxSAB4AaABAg,@fir3zz,"grabad videos de cosas retro, pcs antiguos. Teneis mucho contendio explotando eso",0,0,2026-05-18 09:46:30+00:00,0
UgyLTfzX1MMdg6j6zyR4AaABAg,@Sabre1023,Mostrar como configurar de manera eficiente para hacer stream podcast. No que comorar si no que evaluar y qie configurar,0,0,2026-05-19 15:51:34+00:00,0
UgwRIUzr351cuMy3XaZ4AaABAg,@davidsaezt5316,armar pc low cost y probarlos para demostrar que no se necesita tanto pc para jugar 😁,0,0,2026-05-17 19:11:21+00:00,0
Ugzht32Byo0u4DmhhOR4AaABAg,@enriquereyes9032,Tier list de disco duro ssd y memoria ram necesito sus consejos,0,0,2026-05-17 19:39:57+00:00,0
Ugyk1AKjTK7vS7EOaY14AaABAg,@SHIBARIETH,"Jo lo de hacer &quot;quedada&quot; como me molaria...mierda de ser de aqui de mandril, que ademas esta lleno de madrileños hahaha...pero bueno mañana ay pasado &quot;upgradeo&quot; mi carnet de moto del A2 al A... y ya tengo en camino la HD... asi que mira no tenia. Excusa para ir para alli pero ahora... hahaha",0,0,2026-05-21 19:39:06+00:00,0
UgzEs_Kt7R4AadXquC14AaABAg,@miguelmunoz4359,Soy el único que le dá toc que baile la mesa?,0,0,2026-05-17 19:28:36+00:00,0
UgyFJAJfzyBRoZkp1yN4AaABAg,@4nth365,"haced recetas de cocina, es coña",0,0,2026-05-17 21:24:25+00:00,0
Ugy842FVPEw1dnVcJrx4AaABAg,@Phenomblack,"Podéis traer nuevas marcas, ya que soy tienda, ejemplo marca china Mchose tienen bastante calidad y además podéis hacer negocio,",0,0,2026-05-17 20:01:04+00:00,0
UgzPH2Hu7CHpu_Xl1Td4AaABAg,@josegomezDjtracks,Podrías montar un pc con refrigeración liquida echa mano 🪬,0,0,2026-05-17 19:56:47+00:00,0
Ugy1-mranKzAXPPwza54AaABAg,@TY_yodongo,Podeis hacer videojuegos hechos por vosotros,0,0,2026-05-18 23:18:13+00:00,0
UgwL3Kg8wtqUBh-k_4p4AaABAg,@WexTopi,"No espero que leais esto, pero yo lo suelto:<br><br>Si bien es cierto que existen unos cuantos canales enfocados en informatica / gaming en youtube, yo creo que destacais (y lo digo muy enserio) en que teneis una esencia a la hora de hablar que llama mas que otros canales del sector. Este comentario, evidentemente, es completamente subjetivo y opinion personal. Pero creo que muchos coincidiran conmigo en esto. <br>Evidentemente que si se os ocurre un tema para un video lo mas seguro es que al canal X se le haya ocurrido ya y seguramente hasta haya subido el video, pero el tema es que cada uno habla y comenta a su manera y si vosotros teneis algo es eso, comentais a mi parecer de manera muy interesante y muy chula.<br><br>pd: saludos desde murcia jajajaja <br><br>pd2: sois la hostia.",0,0,2026-05-17 19:18:02+00:00,0
UgxwNgcb2PNyrvubpMV4AaABAg,@Maestro_Tyrone,"Que los creativos del chat se saquen las ideas, yo voy a ser el que se ve los videos sean de lo que sea👍",0,0,2026-05-18 21:00:32+00:00,0
Ugy9Ct78zk8vl7gISxJ4AaABAg,@igandoy,"Prapor dice:<br>Idea 1, idea 2 e Idea 8, en ese orden o como veáis vosotros<br><br>PD: hay evento en TARKOV, ya que has dicho que te gusta aprovecha antes de que acabe",0,0,2026-05-18 16:59:12+00:00,0
Ugyub2kWcMEUMHwbHad4AaABAg,@AntonioDeArquerRramirez-xl6py,o coger rtx founded y probar contra una rtx de msi o asus,0,0,2026-05-17 20:20:29+00:00,0
Ugz4hQtRXIcb1H-WKcJ4AaABAg,@Sathara.Thalassa,"Tómatelo a bien pero imagina que esta viendo un video interesado en ayudaros y en el punto 6 mencionas que lo que no quieres es leer en los tropecientos mensajes en la sección de comentarios. Fuera de esto, Pienso que deberías hablar y hacer videos de lo que os apasiona sin importar los números. Te gusta ableton live? habla de ello sin importar si a la gente le va a gustar o no. probablemente si haces algo que te gusta el video será de mejor calidad. en resumen debes intentar que la gente no entre aqui a ver contenido ya que hay contenido especializado en YouTube de absolutamente todo, Debes de crear que la gente entre aquí a verte a ti y para que eso pase, debes estar a gusto con lo que haces.",0,0,2026-05-17 19:52:20+00:00,0
UgwO20NhqKqoQ04TfGB4AaABAg,@JuanR-y5r,"Por favor, todo menos montarle un PC al xokas😂",0,0,2026-05-18 06:37:03+00:00,0
Ugyjp7bO9voHdPTJqWB4AaABAg,@pedro.v1780,viciados !!!!!!! 🤣🤣🤣🤣🤣🤣🤣🤣,0,0,2026-05-19 13:26:28+00:00,0
UgyyHFo0wMOW02K7zl14AaABAg,@axelvlogs,PCs de difentes presupuestos y también probarlos hasta el maximo rendimiento y ese techo😊 hay gente que quiere warzone con un 2200g,0,0,2026-05-18 00:56:57+00:00,0
UgxrFjrdG0fVTS1b1bR4AaABAg,@NORA-MILAS,"Consejo básico. Miren para abajo, a la gente de escaso recursos que nesesitan consejos de componentes básicos, no de una gama ultra. Videos detallados enseñando el armado de la pc según el para que lo usen. Noticias y ofertas de componentes en el día a día. Reacciones a pc de sus propios subs y talvez consejos para sus pc o áreas donde colocan la pc. etc. &lt;3",0,0,2026-05-18 01:35:50+00:00,0
UgwLRqibDS1uuXepJZN4AaABAg,@xdplayer7258,"Estoy buscando para hacer un servidor para mi homelab de fábrica, nuevo. ¿Hacéis de ese estilo? Con epyc o con intels modernos. ¿Puedo contactar con vosotros?",0,0,2026-05-18 15:41:34+00:00,0
UgyBvDrk4_ayfe-__GR4AaABAg,@x__raiyu,"<a href=""https://www.youtube.com/watch?v=2s8KgYcDwG8&amp;t=1139"">18:59</a> donde firmo?",0,0,2026-05-17 21:43:10+00:00,0
UgyupYOsRVUUCLB0u3h4AaABAg,@fortniteno,El mejor PC por 700€ PREMONTADO con grafica (que no sea la rtx 3050) que sea superior es imposible yo creo,0,0,2026-05-17 22:02:21+00:00,0
Ugzlqd2lMPPpCIzMkKt4AaABAg,@AntonioDeArquerRramirez-xl6py,habla sobre las marcas como asus y cuales son las mejores calidad precio pero que no gane gigabyte porfa no es que lo odio pero tiene los mejores precios si quereis ni lo conteis,0,0,2026-05-17 20:19:39+00:00,0
UgzKEssBkntTL0Vuv-14AaABAg,@Prussian_Doge,"Tengo una sugerencia: ¿Qué tal hacer contenido más profesional? Quiero decir, en vez de PC Gaming, que sean Workstations, la gente no utiliza el PC solamente para jugar, lo utiliza para dibujar, renderizado, animación 3D, entrenar modelos de IA, etc. El mundo del PC Gaming está saturadísimo, en cambio, un enfoque más profesional está muy poco explorado en español. <br><br>Por otro lado, ya que Linux ha ido ganando fuerza, tanto por el abandono de Windows 10 y las cagadas de Microsoft, qué tal PCs con Linux?",0,0,2026-05-17 19:57:11+00:00,0
Ugw9gUHksVq1azmYSrt4AaABAg,@EMILIOROSARIGASINO-n6r,Y ? &quot;VIVA LA AM4 ?&quot;,0,0,2026-05-17 19:45:36+00:00,0
UgzLcTgnHKSTtNeeuc54AaABAg,@susanagarcialegarreta4385,Montar una caja con metacrilato 360 y se vea la tarjeta madre la tarjeta gráfica y la fuente 😂😂😂,0,0,2026-05-17 19:29:51+00:00,0
UgzyCPzIhQzVX-nV_qh4AaABAg,@bichillocv,Cierralo 😂😂,0,0,2026-05-19 09:48:57+00:00,0
UgxbGaToQ2HYrtw7Yrd4AaABAg,@lufyber3518,"yo quiero que hagan un sorteo de un pc y que me toque a mi <a href=""UCkszU2WH9gy1mb0dV-11UJg/b8IfY7zOK9iVkNAP_I2A-AY""></a>",0,0,2026-05-19 17:29:32+00:00,0
Ugwxk5QpeTDvc--jB9R4AaABAg,@jocuma00,"Con el mismo ordenador y router, que diferencia de lag hay con wifi, cable red cat 6, cat 5. Probad en Fornite.",0,0,2026-05-17 21:28:46+00:00,0
UgwvzsIxUkIshuiyl0Z4AaABAg,@TiperTony,"<a href=""https://www.youtube.com/watch?v=2s8KgYcDwG8&amp;t=5"">0:05</a> Claro esto también es una mierda.",0,0,2026-05-17 20:14:50+00:00,0
UgxlxvdOAzoDn1KO8hl4AaABAg,@Racata2009,Una idea Q os doy Reacondicionando o reparando PCs,0,0,2026-05-17 20:17:58+00:00,0
UgygdIL7acNyMTUW0Bx4AaABAg,@Tanquesovieticodesegundamano,no saben que hacer con el canal? pueden regalarmelo si quieren,0,0,2026-05-17 20:30:56+00:00,0
UgyY_wmnfKZ2wRTl5gt4AaABAg,@liderazulalex,"Lo qu esea menos reviews de las sillas Hbada que estais usando, que son un tremenndo red flag de sillas que pagan a muchísimos creadores para que las pongan por las nubes",0,0,2026-05-18 10:08:55+00:00,0
Ugx7Va4ZHq1l3MrTZgV4AaABAg,@miguelangelmenendezmenende7392,"Qué tal un vídeo hablando en castellano normal, sin acento hacho, ni cosas así, qué tal que además sea exclusivamente enfocado en equipos para creación de videos con AI, sin meter mierda de gamers ni nada parecido, equipos equilibrados por precio y prestaciones, por ejemplo: un procesador Intel i5, y su gráfica equivalente para dar el máximo de prestaciones sin que nada se quede atrás, un i7, i9, y equivalentes, también en AMD, y las respectivas tarjetas, Nvidia 5060, 5070, 5070ti, 5080, 5090, y equivalentes en AMD, sin cuellos de botella ni cosas raras, con las refrigeraciónes adecuadas, con la fuente de alimentación adecuada, tanto en calidad, potencia, fiabilidad, precio, lo mismo para el cableado, que se dice poco o nada, lo mismo para las cajas, se me olvidaban los procesadores ultra, 5, 7, 9, de Intel, y recalco en castellano entendible y sin pisar las palabras, que he tenido que bajar la velocidad de reproducción a 0,80 y 0,70, mínimo en todos los vídeos que he visto aquí, y en todos echo en falta un equipo equilibrado para lo que estoy buscando.",0,0,2026-05-19 14:28:58+00:00,0
UgxwUVsdFz_R4SfyYNB4AaABAg,@andresgutierrez4134,Lo de cobrar por ver en YouTube yo no lo veo. Y no lo apoyo.,0,0,2026-05-19 20:28:14+00:00,0
