video_id,title,description,published_at,tags,duration_sec,is_short,view_count,like_count,comment_count,thumbnail_url,video_url,year,month,month_name,day_of_week,day_name,week_of_year,engagement_rate,like_rate,comment_rate,performance_tier,title_word_count,title_char_count
l5Mouc1Re8M,¿Cómo resetear tu gráfica?,¿Cómo resetear tu gráfica? Te traemos este truco para resetear los drivers de la gráfica y poder volver a la partida tal como estabas. Es sencillo: pulsa Ctrl+Windows+Shift+B y lo tienes.,2026-05-21 18:56:39+00:00,,29,True,6371,355,7,https://i.ytimg.com/vi/l5Mouc1Re8M/maxresdefault.jpg,https://www.youtube.com/watch?v=l5Mouc1Re8M,2026,5,May,3,Thursday,21,5.682,5.572,0.11,Bajo,4,26
RRhYW45gJNM,"No es un mueble, son las nuevas cajas de ordenador en tendencia.","No es un mueble, son las nuevas cajas de ordenador en tendencia. ¿Cansado de cajas acristaladas con RGB? Si te gusta algo más sobrio y en tendencia, échale un ojo a todas estas, porque con ellas no fallas. ¿Tienes pensado cambiar de caja pronto? ¿Te pondrías una de estas? Te leemos.",2026-05-19 18:46:15+00:00,,60,True,8840,487,8,https://i.ytimg.com/vi/RRhYW45gJNM/maxresdefault.jpg,https://www.youtube.com/watch?v=RRhYW45gJNM,2026,5,May,1,Tuesday,21,5.6,5.509,0.09,Bajo,12,64
ZPPW5De2PAM,Puedes encender tu PC con el móvil y no lo sabías,Puedes encender tu PC con el móvil y no lo sabías,2026-05-12 19:01:09+00:00,,46,True,22436,1133,61,https://i.ytimg.com/vi/ZPPW5De2PAM/maxresdefault.jpg,https://www.youtube.com/watch?v=ZPPW5De2PAM,2026,5,May,1,Tuesday,20,5.322,5.05,0.272,Medio,11,49
HTdl67eUwUA,¿Qué cosas hacen que tu PC pierda la garantía?,¿Qué cosas hacen que tu PC pierda la garantía? No hagas estas cosas que te vigilamos...,2026-05-05 18:44:29+00:00,,60,True,58063,2571,51,https://i.ytimg.com/vi/HTdl67eUwUA/maxresdefault.jpg,https://www.youtube.com/watch?v=HTdl67eUwUA,2026,5,May,1,Tuesday,19,4.516,4.428,0.088,Medio,9,46
U9Q1iXFlLZs,¿Qué PCs gaming usan en Epical-Q?,¿Qué PCs gaming usan en Epical-Q? Y sobre todo a que juegan nuestros máquinas con esas bestias.,2026-05-03 18:39:02+00:00,,60,True,340730,12662,403,https://i.ytimg.com/vi/U9Q1iXFlLZs/maxresdefault.jpg,https://www.youtube.com/watch?v=U9Q1iXFlLZs,2026,5,May,6,Sunday,18,3.834,3.716,0.118,Viral,6,33
hC4EG6ovF2I,Gráficas de Pc Gaming en Bulk,Gráficas de Pc Gaming en Bulk ¿Cuánto crees que vale una caja de estas? A ver si alguien acierta en los comentarios,2026-04-28 18:28:43+00:00,,52,True,202761,10514,184,https://i.ytimg.com/vi/hC4EG6ovF2I/maxresdefault.jpg,https://www.youtube.com/watch?v=hC4EG6ovF2I,2026,4,Apr,1,Tuesday,18,5.276,5.185,0.091,Alto,6,29
EPz7kBTrPRo,RAM en TRAY,"Somos montadores, a nosotros no nos viene en las mismas cajitas que vosotros las RAMs. ¿Cuánto crees que hay aquí en dinero?",2026-04-21 18:31:54+00:00,,46,True,67091,3470,24,https://i.ytimg.com/vi/EPz7kBTrPRo/maxresdefault.jpg,https://www.youtube.com/watch?v=EPz7kBTrPRo,2026,4,Apr,1,Tuesday,17,5.208,5.172,0.036,Medio,3,11
2aER4xLuIfs,¿Qué significan las siglas en los procesadores?,¿Qué significan las siglas en los procesadores? Te lo explicamos y si te queda alguna duda escríbenos en comentarios. Saludos.,2026-03-29 18:35:53+00:00,,60,True,160406,6651,98,https://i.ytimg.com/vi/2aER4xLuIfs/maxresdefault.jpg,https://www.youtube.com/watch?v=2aER4xLuIfs,2026,3,Mar,6,Sunday,13,4.207,4.146,0.061,Alto,7,47
VNineqQHbVw,¿Procesador con o sin Disipador?,¿Procesador con o sin Disipador? Pues como siempre Raúl te los explica. Y si tienes un PC Gaming atento al final,2026-03-25 18:48:12+00:00,,60,True,222305,9318,91,https://i.ytimg.com/vi/VNineqQHbVw/maxresdefault.jpg,https://www.youtube.com/watch?v=VNineqQHbVw,2026,3,Mar,2,Wednesday,13,4.232,4.192,0.041,Alto,5,32
KbEXduntaTI,¿Conocías los procesadores en TRAY?,"¿Conocías los procesadores en TRAY? Los procesadores en tray on CPUs vendidas a granel directamente a fabricantes, sin empaque comercial, disipador de calor ni ventilador, ideales para ensambladores de equipos. Ofrecen el mismo rendimiento y características técnicas que un procesador en caja",2026-03-22 19:54:29+00:00,,54,True,853171,35751,387,https://i.ytimg.com/vi/KbEXduntaTI/maxresdefault.jpg,https://www.youtube.com/watch?v=KbEXduntaTI,2026,3,Mar,6,Sunday,12,4.236,4.19,0.045,Viral,5,35
UDm6nPfK2vA,¿Cómo proteger tu PC cuando lo transportes?,¿Cómo proteger tu PC cuando lo transportes? Raúl te lo enseña para que no te pase como a este pobre desgraciado,2026-03-18 19:15:18+00:00,,60,True,45565,1658,21,https://i.ytimg.com/vi/UDm6nPfK2vA/maxresdefault.jpg,https://www.youtube.com/watch?v=UDm6nPfK2vA,2026,3,Mar,2,Wednesday,12,3.685,3.639,0.046,Medio,7,43
iIHFz--eNKk,¿Cuál es el Pc más caro que hemos montado esta semana?,¿Cuál es el Pc más caro que hemos montado esta semana? Josemi te lo enseña,2026-03-15 19:12:54+00:00,,36,True,131316,4033,179,https://i.ytimg.com/vi/iIHFz--eNKk/maxresdefault.jpg,https://www.youtube.com/watch?v=iIHFz--eNKk,2026,3,Mar,6,Sunday,11,3.208,3.071,0.136,Alto,11,54
HEgkac44y6s,Mitos de la informática Parte 3,"Mitos de la informática Parte 3 No nos los inventamos, nos los dicen y nos quedamos igual que tú.",2026-03-10 19:25:19+00:00,,42,True,66398,2996,85,https://i.ytimg.com/vi/HEgkac44y6s/maxresdefault.jpg,https://www.youtube.com/watch?v=HEgkac44y6s,2026,3,Mar,1,Tuesday,11,4.64,4.512,0.128,Medio,6,31
pQg1pAy3WDs,Siempre compra 2 monitores gaming para un balanceo equilibrado,Este fallo tan básico puede destrozar tu espalda. Siempre compra 2 monitores gaming para un balanceo equilibrado.,2026-03-08 19:13:17+00:00,,20,True,14599,587,15,https://i.ytimg.com/vi/pQg1pAy3WDs/maxresdefault.jpg,https://www.youtube.com/watch?v=pQg1pAy3WDs,2026,3,Mar,6,Sunday,10,4.124,4.021,0.103,Medio,9,62
9UQazua_DZg,3000€ Predator Gold 192GB CL26,Vaya piezas nos trae Raúl para negociar con Josemi Predator Gold 192GB CL26 Una joya hoy en día ¿Llegarán a un acuerdo?,2026-03-04 19:00:45+00:00,,54,True,11893,358,20,https://i.ytimg.com/vi/9UQazua_DZg/maxresdefault.jpg,https://www.youtube.com/watch?v=9UQazua_DZg,2026,3,Mar,2,Wednesday,10,3.178,3.01,0.168,Medio,5,30
CndncGFbA8k,Hay que llevar cuidado y ayudar a los compañeros,Hay que llevar cuidado y ayudar a los compañeros,2026-03-01 20:17:23+00:00,,22,True,17573,405,9,https://i.ytimg.com/vi/CndncGFbA8k/maxresdefault.jpg,https://www.youtube.com/watch?v=CndncGFbA8k,2026,3,Mar,6,Sunday,9,2.356,2.305,0.051,Medio,9,48
SvPNhwBVaDc,¿Esto o esto? Version PC Gaming,¿Esto o esto? Version PC Gaming ¿Habríais elegido lo mismo? Nosotros no nos atrevemos a decirle nada :/,2026-02-25 18:50:07+00:00,,52,True,52580,1420,175,https://i.ytimg.com/vi/SvPNhwBVaDc/maxresdefault.jpg,https://www.youtube.com/watch?v=SvPNhwBVaDc,2026,2,Feb,2,Wednesday,9,3.033,2.701,0.333,Medio,6,31
HSnWpHGm8is,¿Todos los ordenadores son ruidosos? Mira este PC silencioso,¿Todos los ordenadores son ruidosos? Josemi nos lo cuenta hoy en este vídeo Y es que existen gamas de ordenadores silenciosos como las Be Quiet (No es promo) solo os intentamos traer todas las posibilidades que tenemos para que las conozcáis. ¿Y tu PC hace mucho ruido?,2026-02-15 19:33:12+00:00,,43,True,77537,2834,66,https://i.ytimg.com/vi/HSnWpHGm8is/maxresdefault.jpg,https://www.youtube.com/watch?v=HSnWpHGm8is,2026,2,Feb,6,Sunday,7,3.74,3.655,0.085,Alto,9,60
RSYAZUDuS9w,Lo de la RAM se está poniendo duro...,Lo de la RAM se está poniendo duro...,2026-02-10 19:43:32+00:00,,18,True,207554,5488,174,https://i.ytimg.com/vi/RSYAZUDuS9w/maxresdefault.jpg,https://www.youtube.com/watch?v=RSYAZUDuS9w,2026,2,Feb,1,Tuesday,7,2.728,2.644,0.084,Alto,8,37
4Ys4CD0qmmA,¿Por qué se ponen tantos ventiladores en los PCs de hoy en día?,¿Por qué se ponen tantos ventiladores en los PCs de hoy en día?,2026-02-08 19:42:33+00:00,,59,True,148968,5692,148,https://i.ytimg.com/vi/4Ys4CD0qmmA/maxresdefault.jpg,https://www.youtube.com/watch?v=4Ys4CD0qmmA,2026,2,Feb,6,Sunday,6,3.92,3.821,0.099,Alto,13,63
scoafP6xobk,La RAM mas preciada y buscada ahora mismo,La RAM mas preciada y buscada ahora mismo Siempre estamos dandole follón a Josemi... Pero es que nos tiene guardadas una piezas...,2026-02-04 19:09:46+00:00,,39,True,37071,1266,38,https://i.ytimg.com/vi/scoafP6xobk/maxresdefault.jpg,https://www.youtube.com/watch?v=scoafP6xobk,2026,2,Feb,2,Wednesday,6,3.518,3.415,0.103,Medio,8,41
qJNzYdpfHPE,El PC más caro que tenemos... es un server.,El PC más caro que tenemos... es un server. Tremenda Bestia acabamos de montar para un cliente. ¿Crees que esto movería el Fornite?,2026-02-01 19:33:41+00:00,,58,True,294017,10789,190,https://i.ytimg.com/vi/qJNzYdpfHPE/maxresdefault.jpg,https://www.youtube.com/watch?v=qJNzYdpfHPE,2026,2,Feb,6,Sunday,5,3.734,3.67,0.065,Alto,9,43
36nOxx5vVpA,¿Tu INTERNET va LENTO? 🐢,¿Tu INTERNET va LENTO? 🐢 ¡Deja de sufrir con el lag! Aquí tienes 3 trucos rápidos (y uno secreto para expertos 🤫) para mejorar tu conexión WiFi al instante. 1️⃣ Dale espacio a tu router. 2️⃣ Pásate a la red 5GHz. 3️⃣ ¿Lejos? Usa repetidores o PLC. EXTRA: Activa el QoS (Quality of Service) si sois muchos en casa. ¿Conocías el último truco? 👇 Te leemos en comentarios.,2026-01-27 18:44:08+00:00,,60,True,14374,526,9,https://i.ytimg.com/vi/36nOxx5vVpA/maxresdefault.jpg,https://www.youtube.com/watch?v=36nOxx5vVpA,2026,1,Jan,1,Tuesday,5,3.722,3.659,0.063,Medio,5,24
HtaLhBwf4eQ,¿Cómo debemos actualizar correctamente los drivers de mi ordenador?,¿Cómo debemos actualizar correctamente los drivers de mi ordenador? Si tienes fallos con los drivers y crees que necesitas actualizar aquí tienes la mejor forma.,2026-01-20 19:13:05+00:00,,52,True,10956,457,12,https://i.ytimg.com/vi/HtaLhBwf4eQ/maxresdefault.jpg,https://www.youtube.com/watch?v=HtaLhBwf4eQ,2026,1,Jan,1,Tuesday,4,4.281,4.171,0.11,Medio,9,67
ktvshIVMspM,¿Te falta espacio en el PC? Tu ordenador te está engañando.,¿Te falta espacio en el PC? Tu ordenador te está engañando. Hay muchos programas que no te aparece pero que están ocupando espacio en tu ordenador. Mira como puedes borrarlos para conseguir más almacenamiento.,2026-01-18 18:47:45+00:00,,27,True,26549,1497,14,https://i.ytimg.com/vi/ktvshIVMspM/maxresdefault.jpg,https://www.youtube.com/watch?v=ktvshIVMspM,2026,1,Jan,6,Sunday,3,5.691,5.639,0.053,Medio,11,59
4f2A_PGKsYA,Ya está disponible el DLSS 4.5,⚠️ Se Recomienda solo en Gama 4000 y 5000 de Nvidia En la gama 2000 y 3000 puede bajar el rendimiento Ya está disponible el DLSS 4.5 y puedes conseguir algunos FPS gratis para jugar a partir de ahora. Te dejamos el tutorial para que sepas donde tienes que darle. ¿Lo has activado ya?,2026-01-13 18:44:24+00:00,,43,True,15659,703,25,https://i.ytimg.com/vi/4f2A_PGKsYA/maxresdefault.jpg,https://www.youtube.com/watch?v=4f2A_PGKsYA,2026,1,Jan,1,Tuesday,3,4.649,4.489,0.16,Medio,6,30
9dEg59e8DA8,Memorias de Portatil para Pc Gaming,"Las Memorias RAMs están bien caras, pero... ¿Todas? Mira este truco que están utilizando algunos para ahorrarse unos Euros, aunque para nada te lo recomendamos. ¿Te lo has planteado?",2026-01-11 20:09:49+00:00,,52,True,20436,701,27,https://i.ytimg.com/vi/9dEg59e8DA8/maxresdefault.jpg,https://www.youtube.com/watch?v=9dEg59e8DA8,2026,1,Jan,6,Sunday,2,3.562,3.43,0.132,Medio,6,35
yu-oDXzKd0Y,Aquí tienes unas ideítas de regalos para gamers,Si no te ha gustado lo que te han traído los reyes o tienes pensado cambiar algo. Aquí tienes unas ideítas de regalos para gamers,2026-01-06 20:08:05+00:00,,60,True,17023,872,19,https://i.ytimg.com/vi/yu-oDXzKd0Y/maxresdefault.jpg,https://www.youtube.com/watch?v=yu-oDXzKd0Y,2026,1,Jan,1,Tuesday,2,5.234,5.122,0.112,Medio,8,47
IDuxazkBOGg,Esta Refrigeración Líquida de Pc Vale más que una Moto,"Esta Refrigeración Líquida Custom para tu Pc Gaming puede llegar a valer más que una moto, como esta que te enseñamos aquí. La cuestión es que no hace falta irse a algo tan TOP ya que tenemos en el mercado cosas con precios más asequibles. Esta refrigeración es del canal de BroCooling así que pásate por allí si te gustan estas obras de ingeniería.",2025-12-30 19:52:11+00:00,,60,True,9648,347,20,https://i.ytimg.com/vi/IDuxazkBOGg/maxresdefault.jpg,https://www.youtube.com/watch?v=IDuxazkBOGg,2025,12,Dec,1,Tuesday,1,3.804,3.597,0.207,Bajo,10,54
1JOWDJ0Regg,Imagina que pudieras montar el Pc Gaming que quisieras sin tener que pensar en el presupuesto.,"Imagina que pudieras montar el Pc Gaming que quisieras sin tener que pensar en el presupuesto. Esta es la opción que ha elegido @raaulsalguero , buena bestia pero... ¿Cuánto crees que puede llegar a costar? ¿Cambiarías algo?",2025-12-28 19:13:55+00:00,,45,True,14309,458,63,https://i.ytimg.com/vi/1JOWDJ0Regg/maxresdefault.jpg,https://www.youtube.com/watch?v=1JOWDJ0Regg,2025,12,Dec,6,Sunday,52,3.641,3.201,0.44,Medio,16,94
LH6uqVmz35c,Los Jacks en una placa base se utilizan de esta manera.,Los Jacks en una placa base se utilizan de esta manera.,2025-12-21 19:52:46+00:00,,60,True,10899,463,11,https://i.ytimg.com/vi/LH6uqVmz35c/maxresdefault.jpg,https://www.youtube.com/watch?v=LH6uqVmz35c,2025,12,Dec,6,Sunday,51,4.349,4.248,0.101,Medio,11,55
ZliZY9Sy8Ho,PCIe 3.0 vs 4.0: El ERROR que puede costarte caro al montar tu PC,PCIe 3.0 vs 4.0: El ERROR que puede costarte caro al montar tu PC - No cometas este fallo al elegir placa base,2025-12-16 18:34:22+00:00,,38,True,19016,788,24,https://i.ytimg.com/vi/ZliZY9Sy8Ho/maxresdefault.jpg,https://www.youtube.com/watch?v=ZliZY9Sy8Ho,2025,12,Dec,1,Tuesday,51,4.27,4.144,0.126,Medio,14,65
A9aEemVNOcw,¿Es una buena compra el PC de IlloJuan?,"¿Es una buena compra el PC de IlloJuan? Aquí te desgranamos los componentes y su coste, por supuesto que te lo construya @nategentile7 no tiene precio, pero si tu quieras montarlo aquí tienes los precios. ¿Qué te parece?",2025-12-10 18:57:07+00:00,,60,True,20249,532,35,https://i.ytimg.com/vi/A9aEemVNOcw/maxresdefault.jpg,https://www.youtube.com/watch?v=A9aEemVNOcw,2025,12,Dec,2,Wednesday,50,2.8,2.627,0.173,Medio,8,39
SVYi1dyidjA,Las refrigeraciones líquidas custom consiguen bajar aún mas la temperatura,"Las refrigeraciones líquidas custom consiguen bajar aún mas la temperatura. ¿Las conocías? En los últimos años hemos visto como las refrigeraciones liquidas se han convertido casi en el estándar en cualquier montaje de PC, pero hoy vamos aún más lejos. Las líquidas customizadas a mano han venido para quedarse y cada día hacemos más. ¿Que piensas sobre ellas? Te leemos",2025-12-07 19:51:00+00:00,,47,True,14303,478,24,https://i.ytimg.com/vi/SVYi1dyidjA/maxresdefault.jpg,https://www.youtube.com/watch?v=SVYi1dyidjA,2025,12,Dec,6,Sunday,49,3.51,3.342,0.168,Medio,10,74
FCIQvtXRDg8,¿Sabías que no todos los cables USB-C son iguales?,¿Sabías que no todos los cables USB-C son iguales? Anda no seas como Raúl y mírate este video.,2025-12-03 20:07:21+00:00,,41,True,19497,1145,10,https://i.ytimg.com/vi/FCIQvtXRDg8/maxresdefault.jpg,https://www.youtube.com/watch?v=FCIQvtXRDg8,2025,12,Dec,2,Wednesday,49,5.924,5.873,0.051,Medio,9,50
BN-8BEMuAlk,Aplicaciones para controlar los RGB de tu PC,Aplicaciones para controlar los RGB de tu PC Si estás cansado de tener 500 aplicaciones para cambiar los RGB de tu pc atento a esta que es la definitiva,2025-11-25 19:18:57+00:00,,23,True,18294,891,22,https://i.ytimg.com/vi/BN-8BEMuAlk/maxresdefault.jpg,https://www.youtube.com/watch?v=BN-8BEMuAlk,2025,11,Nov,1,Tuesday,48,4.991,4.87,0.12,Medio,8,44
oLUYL9KMOTQ,¿Por qué tantos colores en los puertos USB?,¿Por qué tantos colores en los puertos USB? ¿Conectas cada periférico donde debe? Mira este video y ya no se te olvidará,2025-11-23 19:24:05+00:00,,60,True,10581,514,7,https://i.ytimg.com/vi/oLUYL9KMOTQ/maxresdefault.jpg,https://www.youtube.com/watch?v=oLUYL9KMOTQ,2025,11,Nov,6,Sunday,47,4.924,4.858,0.066,Medio,8,43
DzCMUGUbizo,Gráficas de PC VS Gráficas de portátil,Gráficas de PC VS Gráficas de portátil,2025-11-19 20:10:03+00:00,,59,True,10961,443,17,https://i.ytimg.com/vi/DzCMUGUbizo/maxresdefault.jpg,https://www.youtube.com/watch?v=DzCMUGUbizo,2025,11,Nov,2,Wednesday,47,4.197,4.042,0.155,Medio,7,38
lHQowpfRtsA,Si tu PC va lento y quieres saber qué le ocurre con esta herramienta no fallarás,Si tu PC va lento y quieres saber qué le ocurre con esta herramienta no fallarás y podrás ver todo,2025-11-16 20:21:03+00:00,,60,True,79935,4682,52,https://i.ytimg.com/vi/lHQowpfRtsA/maxresdefault.jpg,https://www.youtube.com/watch?v=lHQowpfRtsA,2025,11,Nov,6,Sunday,46,5.922,5.857,0.065,Alto,16,80
9pB-Yad5lao,Si al actualizar tu tarjeta gráfica deja de funcionar puede que estés cometiendo este fallo.,"Si al actualizar tu tarjeta gráfica deja de funcionar puede que estés cometiendo este fallo. La fuente de alimentación da energía a todo tu pc gaming, la cosa es que quizá no es capaz de soportar tu nueva gráfica. Para ello te ayudamos a calcular cual necesitarías para mover esa bestia que te has comprado.",2025-11-12 20:21:56+00:00,,50,True,15097,838,17,https://i.ytimg.com/vi/9pB-Yad5lao/maxresdefault.jpg,https://www.youtube.com/watch?v=9pB-Yad5lao,2025,11,Nov,2,Wednesday,46,5.663,5.551,0.113,Medio,15,92
FpCAlMOPQvA,¿Has tenido problemas con los puertos USB de tu PC?,¿Has tenido problemas con los puertos USB de tu PC? Te explicamos que es lo que sucede.,2025-11-09 19:30:34+00:00,,44,True,22732,821,16,https://i.ytimg.com/vi/FpCAlMOPQvA/maxresdefault.jpg,https://www.youtube.com/watch?v=FpCAlMOPQvA,2025,11,Nov,6,Sunday,45,3.682,3.612,0.07,Medio,10,51
eQlgYQ_4WLs,Si tu ordenador gaming te va con tirones o lag quédate porque esta aplicación te va a ir genial.,Si tu ordenador gaming te va con tirones o lag quédate porque esta aplicación te va a ir genial. MSI Afterburner es un programa gratuito de control y monitorización para tarjetas gráficas que permite a los usuarios optimizar el rendimiento de su hardware. ¿Lo utilizas?,2025-11-04 20:23:19+00:00,,35,True,16246,819,35,https://i.ytimg.com/vi/eQlgYQ_4WLs/maxresdefault.jpg,https://www.youtube.com/watch?v=eQlgYQ_4WLs,2025,11,Nov,1,Tuesday,45,5.257,5.041,0.215,Medio,19,96
J8N0NpV0Kpo,¿Sabes la diferencia entre el Vsync y el G-sync para jugar con tu pc gaming?,¿Sabes la diferencia entre el Vsync y el G-sync para jugar con tu pc gaming? VSync es una opción de software. Sincroniza los FPS de tu tarjeta gráfica con la frecuencia de tu monitor para evitar el screen tearing (esa línea molesta cuando la imagen se “rompe”). Pero puede causar input lag o caídas de rendimiento si tu GPU no mantiene el ritmo. G-Sync (NVIDIA) y FreeSync (AMD) son tecnologías de hardware. Ajustan dinámicamente la frecuencia del monitor según los FPS reales. Resultado: imagen fl,2025-11-02 19:59:03+00:00,,52,True,16886,633,21,https://i.ytimg.com/vi/J8N0NpV0Kpo/maxresdefault.jpg,https://www.youtube.com/watch?v=J8N0NpV0Kpo,2025,11,Nov,6,Sunday,44,3.873,3.749,0.124,Medio,15,76
ykOGsw45who,¿Qué sabemos hasta ahora de la serie SUPER de NVIDIA?,¿Qué sabemos hasta ahora de la serie SUPER de NVIDIA? Pues Raúl te lo cuenta para que veas que esperarse quizá no es la mejor opción ahora mismo. Vendrán actualizadas estas tarjetas graficas de Nvidia si pero tocará esperar aún un poco.,2025-10-29 19:28:08+00:00,,57,True,17591,626,13,https://i.ytimg.com/vi/ykOGsw45who/maxresdefault.jpg,https://www.youtube.com/watch?v=ykOGsw45who,2025,10,Oct,2,Wednesday,44,3.633,3.559,0.074,Medio,10,53
NxccReMUJQs,"¿Has oído hablar de los Pcs sin RGB, crees que comenzará a ser una nueva moda?","¿Has oído hablar de los Pcs sin RGB, crees que comenzará a ser una nueva moda? Raúl nos da su opinión pero queremos saber la vuestra Vota aquí abajo en los comentarios",2025-10-26 19:08:40+00:00,,59,True,72387,4236,347,https://i.ytimg.com/vi/NxccReMUJQs/maxresdefault.jpg,https://www.youtube.com/watch?v=NxccReMUJQs,2025,10,Oct,6,Sunday,43,6.331,5.852,0.479,Alto,16,78
7Aou6VAEwKc,Mitos sobre ordenadores parte 2,Mitos sobre ordenadores parte 2 Cuidado que hoy sale hasta el Jefe... ¿Nos hemos dejado alguno?,2025-10-21 18:21:49+00:00,,38,True,1496301,58423,379,https://i.ytimg.com/vi/7Aou6VAEwKc/maxresdefault.jpg,https://www.youtube.com/watch?v=7Aou6VAEwKc,2025,10,Oct,1,Tuesday,43,3.93,3.904,0.025,Viral,5,31
Ao2fQIAAoeg,¿No sabes lo que es el VSYNC?,¿No sabes lo que es el VSYNC? Sirve para sincronizar la velocidad de fotogramas (FPS) de un juego con la frecuencia de actualización de tu monitor. Es decir que aunque pueda correr el juego a más FPS siempre lo va a limitar a los hercios máximos de tu pantalla.,2025-10-19 18:32:44+00:00,,58,True,15745,546,21,https://i.ytimg.com/vi/Ao2fQIAAoeg/maxresdefault.jpg,https://www.youtube.com/watch?v=Ao2fQIAAoeg,2025,10,Oct,6,Sunday,42,3.601,3.468,0.133,Medio,7,29
yLbQ2NkP4hM,"Mitos sobre ordenadores, puedes tirar tus cactus","Mitos sobre ordenadores, puedes tirar tus cactus ¿Has escuchado alguna vez uno de estos? ¿Cuál es el más disparatado? Dinos más en los comentarios.",2025-10-14 18:41:33+00:00,,32,True,1250252,39083,427,https://i.ytimg.com/vi/yLbQ2NkP4hM/maxresdefault.jpg,https://www.youtube.com/watch?v=yLbQ2NkP4hM,2025,10,Oct,1,Tuesday,42,3.16,3.126,0.034,Viral,7,48
5z-dU4Bs4RQ,400€ de pisapapeles en su PC Gaming por no llevar cuidado.,400€ de pisapapeles en su PC Gaming por no llevar cuidado. Antes de hacer estas cosas contáctanos que tenemos el mejor servicio de antención al cliente de España.,2025-10-12 18:23:22+00:00,,34,True,26240,689,47,https://i.ytimg.com/vi/5z-dU4Bs4RQ/maxresdefault.jpg,https://www.youtube.com/watch?v=5z-dU4Bs4RQ,2025,10,Oct,6,Sunday,41,2.805,2.626,0.179,Medio,11,58
IiGVSYasjlo,Depende de a que resolución quieras jugar con tu ordenador gaming debes usar una tarjeta gráfica u o,Depende de a que resolución quieras jugar con tu ordenador gaming debes usar una tarjeta gráfica u otra. Aquí te contamos todo para que no falles. 1080p - RTX 5060 2K - RTX 5070 4K - RTX 5080 Si te sobra la pasta - RTX 5090 ¿Pon en los comentarios cuál tienes tú?,2025-10-05 18:41:07+00:00,,60,True,799551,38441,1162,https://i.ytimg.com/vi/IiGVSYasjlo/maxresdefault.jpg,https://www.youtube.com/watch?v=IiGVSYasjlo,2025,10,Oct,6,Sunday,40,4.953,4.808,0.145,Viral,18,100
a29r8W_Q5Vc,¿Has oído hablar del cuello de botella?,¿Has oído hablar del cuello de botella? Qué opinión tienes sobre él Nuestros Raules te cuentan su punto de vista,2025-09-30 18:35:32+00:00,,60,True,41960,1710,37,https://i.ytimg.com/vi/a29r8W_Q5Vc/maxresdefault.jpg,https://www.youtube.com/watch?v=a29r8W_Q5Vc,2025,9,Sep,1,Tuesday,40,4.163,4.075,0.088,Medio,7,39
yOtcMTgbgoc,¿Qué te parece la moda de poner las tarjetas gráficas de esta manera?,¿Qué te parece la moda de poner las tarjetas gráficas de esta manera? ¿Tu lo pondrías de esta manera?,2025-09-23 18:38:18+00:00,,60,True,141604,5694,178,https://i.ytimg.com/vi/yOtcMTgbgoc/maxresdefault.jpg,https://www.youtube.com/watch?v=yOtcMTgbgoc,2025,9,Sep,1,Tuesday,39,4.147,4.021,0.126,Alto,13,69
AoNLI8Wql34,¿Demasiadas opciones a la hora de comprar un Router WIFI?,¿Demasiadas opciones a la hora de comprar un Router WIFI? ¿Te ayudamos a elegir el que mejor sea para ti?,2025-09-21 18:43:18+00:00,,60,True,17811,672,8,https://i.ytimg.com/vi/AoNLI8Wql34/maxresdefault.jpg,https://www.youtube.com/watch?v=AoNLI8Wql34,2025,9,Sep,6,Sunday,38,3.818,3.773,0.045,Medio,10,57
8KTR9bvv9s8,Con esta herramienta podrás ver en 3D como quedaría tu Pc Gaming,Con esta herramienta podrás ver en 3D como quedaría tu Pc Gaming ¿La has utilizado? Mándanos lo que estés pensado crear y te pasamos presupuesto.,2025-09-16 18:54:07+00:00,,57,True,28587,2322,7,https://i.ytimg.com/vi/8KTR9bvv9s8/maxresdefault.jpg,https://www.youtube.com/watch?v=8KTR9bvv9s8,2025,9,Sep,1,Tuesday,38,8.147,8.123,0.024,Medio,12,64
_IBxOOFoli4,Consejos para mantener tu Pc gaming fresquito y que no se caliente.,Consejos para mantener tu Pc gaming fresquito y que no se caliente. Siempre nos pedis que os ayudemos a bajar las temperaturas de tu ordenador gaming. Aquí tienes los 3 mejores consejos después de muchos años construyendo ordenadores.,2025-09-11 18:30:20+00:00,,49,True,21796,761,9,https://i.ytimg.com/vi/_IBxOOFoli4/maxresdefault.jpg,https://www.youtube.com/watch?v=_IBxOOFoli4,2025,9,Sep,3,Thursday,37,3.533,3.491,0.041,Medio,12,67
-Ye4Xe73Dzo,Página secreta para generar imágenes con IA,Página secreta para generar imágenes con IA Conocías esta web. ¿Cuál utilizas tu?,2025-09-09 18:22:19+00:00,,60,True,22170,1121,13,https://i.ytimg.com/vi/-Ye4Xe73Dzo/maxresdefault.jpg,https://www.youtube.com/watch?v=-Ye4Xe73Dzo,2025,9,Sep,1,Tuesday,37,5.115,5.056,0.059,Medio,7,43
F5Sx4JRPvyY,¿Un ordenador con cristal en el lado derecho?,¿Un ordenador con cristal en el lado derecho? Hoy te traemos un PC muy especial. Cuéntanos que te parece,2025-09-07 18:23:27+00:00,,60,True,921420,28968,319,https://i.ytimg.com/vi/F5Sx4JRPvyY/maxresdefault.jpg,https://www.youtube.com/watch?v=F5Sx4JRPvyY,2025,9,Sep,6,Sunday,36,3.178,3.144,0.035,Viral,8,45
A7FpnSTWpHg,"Pc Gaming de 8000€, ¿lo comprarías?","Pc Gaming de 8000€, ¿lo comprarías?",2025-09-02 18:51:12+00:00,,51,True,99367,3089,241,https://i.ytimg.com/vi/A7FpnSTWpHg/maxresdefault.jpg,https://www.youtube.com/watch?v=A7FpnSTWpHg,2025,9,Sep,1,Tuesday,36,3.351,3.109,0.243,Alto,6,35
i4GdqshL5kU,¿Que Pc Gaming comprar sin pensar en el presupuesto?,¿Que Pc Gaming comprar sin pensar en el presupuesto? Aquí tienes esta bestia con la que poder jugar a todo. La cuestión es... ¿Cuánto crees que cuesta?,2025-08-31 19:11:21+00:00,,61,True,29069,1105,108,https://i.ytimg.com/vi/i4GdqshL5kU/maxresdefault.jpg,https://www.youtube.com/watch?v=i4GdqshL5kU,2025,8,Aug,6,Sunday,35,4.173,3.801,0.372,Medio,9,52
flNkuQsEp18,Deja de ser un manco jugando a tus juegos favoritos,Deja de ser un manco jugando a tus juegos favoritos con las configuraciones de los profesionales. La web de la que te hablamos es liquipedia.net ¿Crees que con esto será suficiente? Os leemos,2025-08-28 19:04:49+00:00,,44,True,13347,757,10,https://i.ytimg.com/vi/flNkuQsEp18/maxresdefault.jpg,https://www.youtube.com/watch?v=flNkuQsEp18,2025,8,Aug,3,Thursday,35,5.747,5.672,0.075,Medio,10,51
BOCpOmIxzHo,PCI 5.0 para Discos M2 ¿Una nueva Revolución?,PCI 5.0 para Discos M2 ¿Una nueva Revolución? Te lo contamos en este vídeo,2025-08-26 18:33:24+00:00,,42,True,15354,530,17,https://i.ytimg.com/vi/BOCpOmIxzHo/maxresdefault.jpg,https://www.youtube.com/watch?v=BOCpOmIxzHo,2025,8,Aug,1,Tuesday,35,3.563,3.452,0.111,Medio,8,45
E6Oz5zFgAsI,¿Se puede recuperar una gráfica brickeada?,¿Se puede recuperar una gráfica brickeada? Jorge ha vuelto a hacer de las suyas pero no hay nada que no pueda arreglar Epical Q,2025-08-21 18:48:53+00:00,,53,True,67835,2117,34,https://i.ytimg.com/vi/E6Oz5zFgAsI/maxresdefault.jpg,https://www.youtube.com/watch?v=E6Oz5zFgAsI,2025,8,Aug,3,Thursday,34,3.171,3.121,0.05,Medio,6,42
L5mzcQk2g0w,¿Te da problemas tu ordenador? ¿Quieres hacer una forma de hacerle un chequeo rápido?,¿Te da problemas tu ordenador? ¿Quieres hacer una forma de hacerle un chequeo rápido? En este vídeo te enseñamos qué aplicaciones debes utilizar para poder revisar tus componentes. ¿Quieres que hagamos parte 2?,2025-07-29 18:28:43+00:00,,60,True,15348,916,12,https://i.ytimg.com/vi/L5mzcQk2g0w/maxresdefault.jpg,https://www.youtube.com/watch?v=L5mzcQk2g0w,2025,7,Jul,1,Tuesday,31,6.046,5.968,0.078,Medio,14,85
1yU0JX-UP-g,Otro día de andanzas en Soporte en Epical-Q,Otro día de andanzas en Soporte en Epical-Q,2025-07-22 19:12:41+00:00,,47,True,25648,618,7,https://i.ytimg.com/vi/1yU0JX-UP-g/maxresdefault.jpg,https://www.youtube.com/watch?v=1yU0JX-UP-g,2025,7,Jul,1,Tuesday,30,2.437,2.41,0.027,Medio,8,43
ev1JpZohwDM,¿Por qué todos los cristales de las cajas de ordenadores gamers están a la izquierda?,"¿Por qué todos los cristales de las cajas de ordenadores gamers están a la izquierda? Un día en nuestro día como informáticos, las preguntas que nos hacen en Epical-Q",2025-07-20 19:17:25+00:00,,37,True,504486,11498,237,https://i.ytimg.com/vi/ev1JpZohwDM/maxresdefault.jpg,https://www.youtube.com/watch?v=ev1JpZohwDM,2025,7,Jul,6,Sunday,29,2.326,2.279,0.047,Viral,15,85
MhLG50s2BWQ,Cuando vienen los de marketing,Tu empresa de confianza Epical-Q,2025-07-15 19:01:10+00:00,,60,True,28669,2015,13,https://i.ytimg.com/vi/MhLG50s2BWQ/maxresdefault.jpg,https://www.youtube.com/watch?v=MhLG50s2BWQ,2025,7,Jul,1,Tuesday,29,7.074,7.028,0.045,Medio,5,30
CKwcvGWFOW0,¿Cuál es la rotura más común en una gráfica de ordenador?,¿Cuál es la rotura más común en una gráfica de ordenador? Te lo contamos en este vídeo con ejemplos concretos. Si te gusta este contenido dale un like y coméntanos si te ha pasado alguno de estos.,2025-07-13 19:12:40+00:00,,60,True,124483,3737,83,https://i.ytimg.com/vi/CKwcvGWFOW0/maxresdefault.jpg,https://www.youtube.com/watch?v=CKwcvGWFOW0,2025,7,Jul,6,Sunday,28,3.069,3.002,0.067,Alto,11,57
0E6c-ZdIoCc,¿Te pierdes con las distintas gamas dentro de una misma tarjeta gráfica?,¿Te pierdes con las distintas gamas dentro de una misma tarjeta gráfica? ¿Quieres comprar una y no sabes cuál elegir? Aprende con nosotros a que se debe y cuales son las diferencias.,2025-07-09 18:48:29+00:00,,60,True,599153,21774,333,https://i.ytimg.com/vi/0E6c-ZdIoCc/maxresdefault.jpg,https://www.youtube.com/watch?v=0E6c-ZdIoCc,2025,7,Jul,2,Wednesday,28,3.69,3.634,0.056,Viral,12,72
q1QXZIpqc6Y,Esta pequeña pieza puede salvar tu tarjeta gráfica de romperse.,Esta pequeña pieza puede salvar tu tarjeta gráfica de romperse. Si tienes en tu configuración una tarjeta con un tamaño considerable te recomendamos utilizar este pequeño soporte para protegerla en los movimientos de la caja y del peso.,2025-07-06 18:46:41+00:00,,41,True,91602,2487,85,https://i.ytimg.com/vi/q1QXZIpqc6Y/maxresdefault.jpg,https://www.youtube.com/watch?v=q1QXZIpqc6Y,2025,7,Jul,6,Sunday,27,2.808,2.715,0.093,Alto,10,63
bi9BJNTOfrk,¿Placas de ordenador que se creen otras?,¿Placas de ordenador que se creen otras? ¿Y tu que habrías hecho?,2025-07-02 18:41:39+00:00,,60,True,118436,2997,131,https://i.ytimg.com/vi/bi9BJNTOfrk/maxresdefault.jpg,https://www.youtube.com/watch?v=bi9BJNTOfrk,2025,7,Jul,2,Wednesday,27,2.641,2.53,0.111,Alto,7,40
pFTrpJdHMCU,Hoy te hablamos de refrigeración líquida.,Hoy te hablamos de refrigeración líquida. ¿Es siempre necesaria en un PC? Te explicamos los puntos positivos y los negativos para que puedas decidir.,2025-06-29 18:52:38+00:00,,61,True,59684,3424,48,https://i.ytimg.com/vi/pFTrpJdHMCU/maxresdefault.jpg,https://www.youtube.com/watch?v=pFTrpJdHMCU,2025,6,Jun,6,Sunday,26,5.817,5.737,0.08,Medio,6,41
OI7tqBGZYlM,Creemos que a Raúl se le está yendo un poco la cabeza...,Creemos que a Raúl se le está yendo un poco la cabeza...,2025-06-24 18:49:30+00:00,,24,True,40754,1647,15,https://i.ytimg.com/vi/OI7tqBGZYlM/maxresdefault.jpg,https://www.youtube.com/watch?v=OI7tqBGZYlM,2025,6,Jun,1,Tuesday,26,4.078,4.041,0.037,Medio,12,56
8hJXNTtnyGI,¿Por qué las tarjetas gráficas cada vez tienen menos HDMI y mas DisplayPort?,¿Por qué las tarjetas gráficas cada vez tienen menos HDMI y mas DisplayPort? Te lo contamos para la próxima ves que vayas a comprar una gráfica o un monitor,2025-06-17 18:53:49+00:00,,53,True,6187019,200732,1706,https://i.ytimg.com/vi/8hJXNTtnyGI/maxresdefault.jpg,https://www.youtube.com/watch?v=8hJXNTtnyGI,2025,6,Jun,1,Tuesday,25,3.272,3.244,0.028,Viral,13,76
zo9MdcCG1Jk,El don secreto de los encargados de soporte,El don secreto de los encargados de soporte. A veces nos tenemos que convertir en verdaderos tarotistas para poder adivinar que le ocurre a un PC.,2025-06-15 19:00:47+00:00,,35,True,125803,1988,15,https://i.ytimg.com/vi/zo9MdcCG1Jk/maxresdefault.jpg,https://www.youtube.com/watch?v=zo9MdcCG1Jk,2025,6,Jun,6,Sunday,24,1.592,1.58,0.012,Alto,8,43
CJvIWCx3nsw,Refrigeración Liquida VS Aire,Siempre se habla de refrigeración liquida pero... ¿es necesario siempre? ¿Tu que eres más de refrigeración por aire o líquida en tu PC?,2025-06-10 18:35:28+00:00,,48,True,43793,1192,23,https://i.ytimg.com/vi/CJvIWCx3nsw/maxresdefault.jpg,https://www.youtube.com/watch?v=CJvIWCx3nsw,2025,6,Jun,1,Tuesday,24,2.774,2.722,0.053,Medio,4,29
Ue5FaZf0nPc,Qué es un SAI para PC,El próximo apagón no te va a pillar de sorpresa gracias a tener un SAI. Si no sabes lo que es y porque puede salvar la vida de tu PC Mira este vídeo. #Sai,2025-05-25 18:42:23+00:00,,60,True,12070,471,5,https://i.ytimg.com/vi/Ue5FaZf0nPc/maxresdefault.jpg,https://www.youtube.com/watch?v=Ue5FaZf0nPc,2025,5,May,6,Sunday,21,3.944,3.902,0.041,Medio,6,21
M3opEpYHtKs,Cómo configurar correctamente las luces RGB si tienes ICUE.,Cómo configurar correctamente las luces RGB si tienes ICUE. Gracias a ICUE podemos configurar todos los componentes para generar patrones que vayan al unísono. Si ya lo utilizas déjanos en comentarios tu configuración. #Icue #corsair,2025-05-20 18:47:28+00:00,,39,True,24489,650,3,https://i.ytimg.com/vi/M3opEpYHtKs/maxresdefault.jpg,https://www.youtube.com/watch?v=M3opEpYHtKs,2025,5,May,1,Tuesday,21,2.667,2.654,0.012,Medio,9,59
9KNHLWRxRwg,Si tu Pc tarda mucho en arrancar puede ser por esto.,Si tu Pc tarda mucho en arrancar puede ser por esto. Las Aplicaciones de Inicio pueden ralentizar tu ordenador. Con este trucazo arrancará como una bestia.,2025-05-18 18:32:48+00:00,,43,True,24077,880,5,https://i.ytimg.com/vi/9KNHLWRxRwg/maxresdefault.jpg,https://www.youtube.com/watch?v=9KNHLWRxRwg,2025,5,May,6,Sunday,20,3.676,3.655,0.021,Medio,11,52
IogevIyvY7M,El precio por FPS en la nueva serie 5000 de Nvidia,El precio por FPS en la nueva serie 5000 de Nvidia ¿Tu ya tienes la tuya? Escríbenos cual en los Comentarios,2025-05-13 18:13:29+00:00,,46,True,17063,792,19,https://i.ytimg.com/vi/IogevIyvY7M/maxresdefault.jpg,https://www.youtube.com/watch?v=IogevIyvY7M,2025,5,May,1,Tuesday,20,4.753,4.642,0.111,Medio,11,50
ZwkP4z982hc,¿No sabes si un juego corre en tu PC?,¿No sabes si un juego corre en tu PC? Échale un ojo a este vídeo porque esta aplicación de va a ayudar cuando más lo necesitas. Y si no te funciona el juego escríbenos y te ayudamos.,2025-05-11 19:34:01+00:00,,49,True,33035,2138,31,https://i.ytimg.com/vi/ZwkP4z982hc/maxresdefault.jpg,https://www.youtube.com/watch?v=ZwkP4z982hc,2025,5,May,6,Sunday,19,6.566,6.472,0.094,Medio,9,37
YpL6VXiYOQI,PC para jugar a todo por 1100€,"Nos encantan los chollos. 💻 RTX 5060 TI ⚡ Procesador RYZEN 7 8700F para máxima eficiencia 🧠 32 GB RAM DDR4 PREDATOR El resultado: un equipo potente, equilibrado y listo para jugar a lo que QUIERAS Comenta chollo y te lo mandamos.",2025-05-08 18:33:50+00:00,,19,True,19458,547,40,https://i.ytimg.com/vi/YpL6VXiYOQI/maxresdefault.jpg,https://www.youtube.com/watch?v=YpL6VXiYOQI,2025,5,May,3,Thursday,19,3.017,2.811,0.206,Medio,7,30
HiXY7bBd14U,¿Cómo hacer undervolt?,🤷🏽‍♂️ ¿Qué es el UNDERVOLT? 🤷🏽‍♂️ 💥 ¿¿UNDER QUÉ?? 💥 Te lo contamos. 👌🏻 #epicalq #undervolt #configuraciónpc #pcgaming,2025-05-04 18:15:11+00:00,,57,True,9657,378,7,https://i.ytimg.com/vi/HiXY7bBd14U/maxresdefault.jpg,https://www.youtube.com/watch?v=HiXY7bBd14U,2025,5,May,6,Sunday,18,3.987,3.914,0.072,Medio,3,22
VUiMbRdaFvg,Configura tu RAM,💥 Configura tu RAM en menos de 1 minuto. ⏳ 👀 IMPORTANTE 👀 🔗 Guarda este vídeo para cuando lo necesites. 🖥️ #epicalq #memoriaram #pc #pcgaming,2025-04-29 18:04:13+00:00,,45,True,10415,439,6,https://i.ytimg.com/vi/VUiMbRdaFvg/maxresdefault.jpg,https://www.youtube.com/watch?v=VUiMbRdaFvg,2025,4,Apr,1,Tuesday,18,4.273,4.215,0.058,Medio,3,16
IO_IKkhzgHg,¿Cómo hacer un overclock?,👀 ¿Sabes cómo hacer un overclock? 💥 👉🏼 Te lo enseñamos. ✅ #epicalq #overclock #ordenadores #pc,2025-04-27 18:35:57+00:00,,53,True,9511,361,1,https://i.ytimg.com/vi/IO_IKkhzgHg/maxresdefault.jpg,https://www.youtube.com/watch?v=IO_IKkhzgHg,2025,4,Apr,6,Sunday,17,3.806,3.796,0.011,Bajo,4,25
pEqDHcbscBo,¿PC premontado o a piezas?,"👀 Este es el consejo que te hubiera gustado saber antes de gastarte una pasta en tu ordenador. 🖥️ 💥 Qué es mejor, ¿un pc ya montado o a piezas ? 🤔 👉🏼 Ya sabes dónde está la respuesta. 📹 Tu bolsillo lo va a agradecer. 💶 #pcapiezas #pc #pcgaming #epicalq",2025-04-22 19:04:46+00:00,,43,True,14980,608,14,https://i.ytimg.com/vi/pEqDHcbscBo/maxresdefault.jpg,https://www.youtube.com/watch?v=pEqDHcbscBo,2025,4,Apr,1,Tuesday,17,4.152,4.059,0.093,Medio,5,26
x-SRkm2o8AY,La solución a los pantallazos azules,⚠️ Cuidado ⚠️ ❌🖥️ No te cargues tu ordenador por los dichosos pantallazos azules... 🟦 👉🏼 Te damos la solución. 📹 #pantallazosazules #pc #epicalq,2025-04-20 19:03:07+00:00,,41,True,13973,1002,11,https://i.ytimg.com/vi/x-SRkm2o8AY/maxresdefault.jpg,https://www.youtube.com/watch?v=x-SRkm2o8AY,2025,4,Apr,6,Sunday,16,7.25,7.171,0.079,Medio,6,36
Fj1h8Hzic74,Seguro que esto te pasa con tu PC,👴🏼⏳ Si te pasa esto mientras que tu PC arranca.... 🖥️ 👀 Te interesa este truco para que tu ordenador encienda más rápido. ⚡ #epicalq #arrancarpc #pc #pcgaming,2025-04-15 19:09:00+00:00,,60,True,8361,457,7,https://i.ytimg.com/vi/Fj1h8Hzic74/maxresdefault.jpg,https://www.youtube.com/watch?v=Fj1h8Hzic74,2025,4,Apr,1,Tuesday,16,5.55,5.466,0.084,Bajo,8,33
4ggMBxNraKk,¿Qué VRAM necesita tu pc?,💥 Sal de dudas de una vez por todas. 💥 🖥️ ¿Cuál es la VRAM que necesita tu ordenador? 🖥️ 👉🏼 Te lo explicamos en este vídeo. ✅ #epicalq #vram #pc #pcgaming,2025-04-13 19:03:19+00:00,,36,True,13996,633,20,https://i.ytimg.com/vi/4ggMBxNraKk/maxresdefault.jpg,https://www.youtube.com/watch?v=4ggMBxNraKk,2025,4,Apr,6,Sunday,15,4.666,4.523,0.143,Medio,5,25
M77h9rr3Bfg,Cómo pasarte archivos por AirDrop a cualquier ordenador,"😱 Hasta Bob Esponja conoce este truco. 🧽 Sí, tu también deberías saberlo... 💥 👀 Dentro vídeo. 👀 #epicalq #airdrop #transferirarchivos #pcgaming #pc",2025-04-08 18:35:20+00:00,,44,True,4966,146,1,https://i.ytimg.com/vi/M77h9rr3Bfg/maxresdefault.jpg,https://www.youtube.com/watch?v=M77h9rr3Bfg,2025,4,Apr,1,Tuesday,15,2.96,2.94,0.02,Bajo,8,55
94grQU-Qy5I,Consejo para Discord en tu PC,¿Problemas con Discord en tu PC? 👾 Quizá se deba a que está usando los recursos de tu gráfica. 🖥️💀 Te explicamos cómo solucionarlo. ✅ #epicalq #discord #gráficapc,2025-04-06 19:04:33+00:00,,32,True,5853,345,2,https://i.ytimg.com/vi/94grQU-Qy5I/maxresdefault.jpg,https://www.youtube.com/watch?v=94grQU-Qy5I,2025,4,Apr,6,Sunday,14,5.929,5.894,0.034,Bajo,6,29
GmGx8ZVat8g,La solución a tus problemas con la RAM,🖥️ En Epical-Q tenemos un lema: ❌ A problemas soluciones. ✅ Si tu memoria RAM está fallando…. 👀 👉🏼 Mira este vídeo. 😉 #epicalq #memoriaRAM #ediciónpc,2025-04-01 19:14:23+00:00,,20,True,9324,286,2,https://i.ytimg.com/vi/GmGx8ZVat8g/maxresdefault.jpg,https://www.youtube.com/watch?v=GmGx8ZVat8g,2025,4,Apr,1,Tuesday,14,3.089,3.067,0.021,Bajo,8,38
5_ORqGOCBSs,Ordenador más lento que el caballo del malo,"😫 Si tu ordenador va lento, pero TAN lento que te dan ganas de cambiarlo... 💀 🖥️ 👀 Tenemos la solución para ti. 💥 👇🏼 Comenta edición y te mandamos el enlace. 🔗 #epicalq #4k #ediciónpc",2025-03-30 18:05:57+00:00,,43,True,6515,217,10,https://i.ytimg.com/vi/5_ORqGOCBSs/maxresdefault.jpg,https://www.youtube.com/watch?v=5_ORqGOCBSs,2025,3,Mar,6,Sunday,13,3.484,3.331,0.153,Bajo,8,43
CxPrLblveuU,Optimización AMD,💥 Si tienes un procesador y una gráfica AMD esto te interesa. 💥 👉🏼 ¿Conoces el ajuste SAM? 🖥️ Guárdate este vídeo para cuando tengas que configurarlo. ✅ #SAM #gráficapc #AMD #epicalq,2025-03-25 20:04:50+00:00,,56,True,7070,665,2,https://i.ytimg.com/vi/CxPrLblveuU/maxresdefault.jpg,https://www.youtube.com/watch?v=CxPrLblveuU,2025,3,Mar,1,Tuesday,13,9.434,9.406,0.028,Bajo,2,16
vx3tm3Bma7o,Por esto los puertos USB tienen colores,😲 ¿Kheeee? 😲 ¿Los puertos USB tienen colores? 👀 ¿Sabes qué significa cada color? 🔵 ⚫ 🔴 🟠 🎥 Te lo contamos en el vídeo. #epicalq #puertousb #gaming,2025-03-23 19:27:37+00:00,,59,True,54840,2475,35,https://i.ytimg.com/vi/vx3tm3Bma7o/maxresdefault.jpg,https://www.youtube.com/watch?v=vx3tm3Bma7o,2025,3,Mar,6,Sunday,12,4.577,4.513,0.064,Medio,7,39
rdX1TanmXsE,Recomendaciones por 1.500€,"💥 ¿¿Procesador gaming EN 4K para jugar y editar por 1.500€?? 🖥️ Sí, has leído bien. 👀 Guárdate este vídeo porque lo vas a necesitar. ✅ #serie5000 #5070TI #gaming #epicalq",2025-03-18 19:04:57+00:00,,38,True,4577,315,13,https://i.ytimg.com/vi/rdX1TanmXsE/maxresdefault.jpg,https://www.youtube.com/watch?v=rdX1TanmXsE,2025,3,Mar,1,Tuesday,12,7.166,6.882,0.284,Bajo,3,26
EK6-eOAskUk,4 ajustes con AMD para mejorar tu ordenador,💸 Este contenido es G-R-A-T-I-S 💸 👀 Apunta estos 4 consejos para tu PC porque los vas a necesitar. ✏️ #EpicalQ #pcgaming #gráficapc #gamers #pc #gaming #nvidia #AMD,2025-03-16 19:33:36+00:00,,52,True,22770,1946,23,https://i.ytimg.com/vi/EK6-eOAskUk/maxresdefault.jpg,https://www.youtube.com/watch?v=EK6-eOAskUk,2025,3,Mar,6,Sunday,11,8.647,8.546,0.101,Medio,8,43
EiPRzv_NDVU,Nueva gráfica 9070XT,💥 Esto sí que es un petardazo 💥 😱 La nueva gráfica 9070XT ya está aquí. 🖥️ ¿Merece la pena? Te contamos eso y todas sus características en el vídeo. 📹 #EpicalQ #pcgaming #9070TXT #9070 #gráficapc #gamers #pc #gaming #nvidia,2025-03-11 20:03:53+00:00,,56,True,6316,381,36,https://i.ytimg.com/vi/EiPRzv_NDVU/maxresdefault.jpg,https://www.youtube.com/watch?v=EiPRzv_NDVU,2025,3,Mar,1,Tuesday,11,6.602,6.032,0.57,Bajo,3,20
zfxnCoRIcEU,trucazo para optimizar tu pc,Trucazo para optimizar tu pc 💻👀 Guarda el vídeo para cuando tu ordenador te dé problemas. 😵‍💫 #Epicalq #informática #ordenadores #pc #optimización,2025-03-09 19:03:26+00:00,,17,True,9191,664,6,https://i.ytimg.com/vi/zfxnCoRIcEU/maxresdefault.jpg,https://www.youtube.com/watch?v=zfxnCoRIcEU,2025,3,Mar,6,Sunday,10,7.29,7.224,0.065,Bajo,5,28
_NubQYcee7Q,¿Qué hacer si no funciona tu ordenador?,"🖥️ ¿Estás desesperado porque tu ordenador te lleva de cabeza? 🤯 🚨 ESPERA 🚨 no te deshagas de él, quizá tienes un virus y no lo sabes. 👾 Aquí va la solución. ✅ Dentro vídeo. 🎬 #Epicalq #virus #informática #ordenadores #pc #malware",2025-03-04 19:05:28+00:00,,28,True,50559,4812,60,https://i.ytimg.com/vi/_NubQYcee7Q/maxresdefault.jpg,https://www.youtube.com/watch?v=_NubQYcee7Q,2025,3,Mar,1,Tuesday,10,9.636,9.518,0.119,Medio,7,39
ggEELrxo5oI,Cuanta Memoria RAM necesitas en tu PC,"Cuanta Memoria RAM necesitas en tu PC en función del uso que vayas a darle. La eterna pregunta, te la respondemos desde nuestra experiencia hablando día a día con personas como tú que tienen la misma duda. Y tú ¿cuanta RAM le has puesto a tu PC? #pcgaming #gaming",2025-02-25 19:18:09+00:00,,53,True,4955,405,11,https://i.ytimg.com/vi/ggEELrxo5oI/maxresdefault.jpg,https://www.youtube.com/watch?v=ggEELrxo5oI,2025,2,Feb,1,Tuesday,9,8.396,8.174,0.222,Bajo,7,37
wrZo_r79WJM,Enviar archivos de forma gratuita,"La mejor forma de enviar archivos de forma segura y sobre todo, GRATUITA 💸 en este vídeo. 📹 ¿Cuántas veces te ha pasado esto? ❌ Guarda esta publicación porque te va a hacer falta. 📎 #EpicalQ #pcgaming #archivos #transfer #infomaniak #pc",2025-02-18 19:17:47+00:00,,40,True,1968,135,2,https://i.ytimg.com/vi/wrZo_r79WJM/maxresdefault.jpg,https://www.youtube.com/watch?v=wrZo_r79WJM,2025,2,Feb,1,Tuesday,8,6.961,6.86,0.102,Bajo,5,33
XXLh1k4rV40,HDMI o display,"¿HDMI o display? 👀 Si sigues leyendo esta frase, sin duda este vídeo es para ti. 📹 Lo que para algunos puede ser bastante básico es fundamental para marcar la diferencia cuando estás construyendo la configuración de tu PC para videojuegos. 👾 Así que dale a guardar vídeo porque seguro que lo vas a necesitar en cualquier momento. 🗳️ #EpicalQ #pcgaming #hdmi #display #gaming #pc",2025-02-16 19:13:33+00:00,,45,True,2273,141,3,https://i.ytimg.com/vi/XXLh1k4rV40/maxresdefault.jpg,https://www.youtube.com/watch?v=XXLh1k4rV40,2025,2,Feb,6,Sunday,7,6.335,6.203,0.132,Bajo,3,14
CrMG4QTBWKE,¿Optimizar tu PC para acelerar su funcionamiento? 🖥️,"¿Optimizar tu PC para acelerar su funcionamiento? 🖥️ Ahora es posible con estos 3 sencillos tips. Quédate a ver el vídeo entero y descubre el último truco, que es el más sencillo de todos. 🤯 Si te gusta este tipo de contenido comenta abajo con este emoji 🎮, te leemos! #EpicalQ #pcgaming #Gaming #optimizacionpc",2025-02-11 19:05:24+00:00,,51,True,5264,587,2,https://i.ytimg.com/vi/CrMG4QTBWKE/maxresdefault.jpg,https://www.youtube.com/watch?v=CrMG4QTBWKE,2025,2,Feb,1,Tuesday,7,11.189,11.151,0.038,Bajo,8,52
gzSbUtjLE00,Cuando gastas todo tu presupuesto en la nueva RTX 5080,"Aunque este mes lo pases cocinando agua en la sartén. 💸 ¡Corre a comprarla! 🎛️ La nueva RTX 5080 está de locos. 🔥 Perfecta para jugar en 4K, crear contenido y sacar el máximo partido a su tecnología en ia. 🖥️ Comenta con este emoji 🍳 si quieres parte 2 con unboxing. #TarjetaGráfica #PCGaming #Gaming #RTX5080",2025-02-09 19:33:22+00:00,,19,True,7491,431,13,https://i.ytimg.com/vi/gzSbUtjLE00/maxresdefault.jpg,https://www.youtube.com/watch?v=gzSbUtjLE00,2025,2,Feb,6,Sunday,6,5.927,5.754,0.174,Bajo,10,54
2ab9DcEbt2k,OpenAi Vs DeepSeek,El valor de Nvidia ha caído debido a DeepSeek. Te explicamos el motivo y si de verdad es tan interesante como plantean. #Pc #Nvidia #deepseek,2025-02-02 19:11:02+00:00,,55,True,5913,227,2,https://i.ytimg.com/vi/2ab9DcEbt2k/maxresdefault.jpg,https://www.youtube.com/watch?v=2ab9DcEbt2k,2025,2,Feb,6,Sunday,5,3.873,3.839,0.034,Bajo,3,18
wk9xRukj8Wk,"¡Las Founder Edition, el “Santo Grial” de las tarjetas gráficas! ⚔️✨","¡Las Founder Edition, el “Santo Grial” de las tarjetas gráficas! ⚔️✨ Fabricadas directamente por NVIDIA ⚡️ Estas tarjetas de referencia son las primeras en salir al mercado y se agotan a toda velocidad. ⚡️⏱️ ¿Te comprarías una Founder Edition si tuvieras la oportunidad o prefieres otros ensambladores como ASUS, ZOTAC o MSI? 🤔🔥 #NVIDIA #FounderEdition #TarjetaGráfica #PCGaming #Gaming #PCMasterRace",2025-01-28 19:32:54+00:00,,60,True,77910,4555,76,https://i.ytimg.com/vi/wk9xRukj8Wk/maxresdefault.jpg,https://www.youtube.com/watch?v=wk9xRukj8Wk,2025,1,Jan,1,Tuesday,5,5.944,5.846,0.098,Alto,11,68
Z023y-0P5xc,¡Te cuento una anécdota curiosa! 🧐,"¡Te cuento una anécdota curiosa! 🧐 Un cliente nos llamó asustadísimo porque su ordenador “no encendía” ⚠️ Lo revisamos, lo probamos, y… ¡encendía y se apagaba sin problema! 🤷‍♂️ Al final descubrimos que el culpable era un soporte para cascos conectado por USB, que provocaba un cortocircuito ⚡ Moraleja: mejor no gastes ni un euro en soportes para cascos Tu PC (y tu bolsillo) te lo agradecerán ✅💰 #EpicalQ #MontajePC #pcgaming",2025-01-26 19:04:10+00:00,,53,True,249483,10651,116,https://i.ytimg.com/vi/Z023y-0P5xc/maxresdefault.jpg,https://www.youtube.com/watch?v=Z023y-0P5xc,2025,1,Jan,6,Sunday,4,4.316,4.269,0.046,Alto,6,34
VXjoj8JCTf8,Te explico el DSSL en Castellano Antiguo,"Te explico el DSSL en Castellano Antiguo... ⚔️ Es decir, para que lo entienda cualquiera. ⚜️ ¿Y ti te gustan estos frames por IA o eres de la vieja escuela como yo que quiere cosas más reales? 🤔 A este paso dentro de poco, jugamos a juegos que ni existen.... 🎮 #DSSL #RTX5000 #NVIDIA #DSSL4 #GAMING #5070 ⚡",2025-01-21 19:31:04+00:00,,60,True,674104,27506,461,https://i.ytimg.com/vi/VXjoj8JCTf8/maxresdefault.jpg,https://www.youtube.com/watch?v=VXjoj8JCTf8,2025,1,Jan,1,Tuesday,4,4.149,4.08,0.068,Viral,7,40
XR1FZI2RT3Q,Nvidia 5070 Vs 4090,,2025-01-19 19:40:36+00:00,,61,True,1183393,45810,1305,https://i.ytimg.com/vi/XR1FZI2RT3Q/maxresdefault.jpg,https://www.youtube.com/watch?v=XR1FZI2RT3Q,2025,1,Jan,6,Sunday,3,3.981,3.871,0.11,Viral,4,19
2CiCPV7tQtI,¿Se te calienta el ordenador?,,2025-01-14 19:33:38+00:00,,44,True,22897,1449,12,https://i.ytimg.com/vi/2CiCPV7tQtI/maxresdefault.jpg,https://www.youtube.com/watch?v=2CiCPV7tQtI,2025,1,Jan,1,Tuesday,3,6.381,6.328,0.052,Medio,5,29
NrqbuBGpsPI,8 de enero de 2025,,2025-01-08 20:02:00+00:00,,61,True,69738,5322,73,https://i.ytimg.com/vi/NrqbuBGpsPI/maxresdefault.jpg,https://www.youtube.com/watch?v=NrqbuBGpsPI,2025,1,Jan,2,Wednesday,2,7.736,7.631,0.105,Alto,5,18
mrZojKKDxlI,Nos retaron a crear esta máquina,,2025-01-03 12:34:00+00:00,,37,True,51601,2453,84,https://i.ytimg.com/vi/mrZojKKDxlI/maxresdefault.jpg,https://www.youtube.com/watch?v=mrZojKKDxlI,2025,1,Jan,4,Friday,1,4.917,4.754,0.163,Medio,6,32
-0NByeN09OY,El Trucazo para ocultar una carpeta que no quieren que sepas,,2024-12-30 19:24:45+00:00,,49,True,4690,333,5,https://i.ytimg.com/vi/-0NByeN09OY/maxresdefault.jpg,https://www.youtube.com/watch?v=-0NByeN09OY,2024,12,Dec,0,Monday,1,7.207,7.1,0.107,Bajo,11,60
sTCKUiKQNJA,4090 VS ADA 6000,,2024-12-26 19:56:16+00:00,,60,True,187420,10634,161,https://i.ytimg.com/vi/sTCKUiKQNJA/maxresdefault.jpg,https://www.youtube.com/watch?v=sTCKUiKQNJA,2024,12,Dec,3,Thursday,52,5.76,5.674,0.086,Alto,4,16
IvP_ncRDVVE,Montamos un PC de 12.000€,,2024-12-22 19:28:39+00:00,,48,True,339024,19669,376,https://i.ytimg.com/vi/IvP_ncRDVVE/maxresdefault.jpg,https://www.youtube.com/watch?v=IvP_ncRDVVE,2024,12,Dec,6,Sunday,51,5.913,5.802,0.111,Viral,5,25
cYefKZ8I2uw,3 Claves para elegir un PC para Editar,,2024-12-17 21:52:33+00:00,,60,True,59245,4123,50,https://i.ytimg.com/vi/cYefKZ8I2uw/maxresdefault.jpg,https://www.youtube.com/watch?v=cYefKZ8I2uw,2024,12,Dec,1,Tuesday,51,7.044,6.959,0.084,Medio,8,38
6oWydz7Utgs,Que Pantalla Gaming Elegir,"¿Pantalla gaming o pantalla de edición? 🤔🎮🎨 🎮 Pantalla gaming: ¡Más fluidez, más velocidad y gráficos de locura! Ideal para que esos FPS no te fallen en pleno juego. 🎨 Pantalla de edición: Colores precisos y una resolución top para los que necesitan ver cada detalle al milímetro. 💡 Pero ojo, no es solo por el nombre, cada una tiene su magia según lo que busques. ¿Tú cuál prefieres? - PA279CV - Asus TUF Gaming VG289Q1A 28"" 👉 Si te quieres asesorar, ya sabes dónde estamos. 😉",2024-12-12 20:04:21+00:00,,60,True,117811,7072,88,https://i.ytimg.com/vi/6oWydz7Utgs/maxresdefault.jpg,https://www.youtube.com/watch?v=6oWydz7Utgs,2024,12,Dec,3,Thursday,50,6.078,6.003,0.075,Alto,4,26
ng2Kh-C9N1I,Regalos para tele trabajadores,,2024-12-10 19:36:56+00:00,,59,True,6366,332,3,https://i.ytimg.com/vi/ng2Kh-C9N1I/maxresdefault.jpg,https://www.youtube.com/watch?v=ng2Kh-C9N1I,2024,12,Dec,1,Tuesday,50,5.262,5.215,0.047,Bajo,4,30
AhbsUDAZYbs,El setup de tu compi: ‘NASA style.’ 🚀,,2024-12-05 19:38:49+00:00,,27,True,6817,280,3,https://i.ytimg.com/vi/AhbsUDAZYbs/maxresdefault.jpg,https://www.youtube.com/watch?v=AhbsUDAZYbs,2024,12,Dec,3,Thursday,49,4.151,4.107,0.044,Bajo,8,37
NYtSb6FIYc0,Terrible Accidente Gaming,,2024-12-03 19:07:16+00:00,,19,True,12165,233,3,https://i.ytimg.com/vi/NYtSb6FIYc0/maxresdefault.jpg,https://www.youtube.com/watch?v=NYtSb6FIYc0,2024,12,Dec,1,Tuesday,49,1.94,1.915,0.025,Medio,3,25
kLRBoYz-bYQ,Regalos Gaming para esta Navidad,,2024-11-28 19:00:30+00:00,,54,True,6086,287,11,https://i.ytimg.com/vi/kLRBoYz-bYQ/maxresdefault.jpg,https://www.youtube.com/watch?v=kLRBoYz-bYQ,2024,11,Nov,3,Thursday,48,4.896,4.716,0.181,Bajo,5,32
iUA41z-xQ9Y,Black Friday y… ¿quién es el TOP 1?,,2024-11-26 19:58:56+00:00,,38,True,5765,204,4,https://i.ytimg.com/vi/iUA41z-xQ9Y/maxresdefault.jpg,https://www.youtube.com/watch?v=iUA41z-xQ9Y,2024,11,Nov,1,Tuesday,48,3.608,3.539,0.069,Bajo,8,35
JBo37zy6SZM,La reparación más cara que hemos hecho,,2024-11-21 20:06:45+00:00,,61,True,569144,44755,252,https://i.ytimg.com/vi/JBo37zy6SZM/maxresdefault.jpg,https://www.youtube.com/watch?v=JBo37zy6SZM,2024,11,Nov,3,Thursday,47,7.908,7.864,0.044,Viral,7,38
EfadddDgNOI,Refrigeración en PCs Gaming,,2024-11-19 20:03:13+00:00,,61,True,263503,14388,95,https://i.ytimg.com/vi/EfadddDgNOI/maxresdefault.jpg,https://www.youtube.com/watch?v=EfadddDgNOI,2024,11,Nov,1,Tuesday,47,5.496,5.46,0.036,Alto,4,27
E1aWLFQ2qpM,Un PC IDESTRUCTIBLE,,2024-11-14 20:43:08+00:00,,53,True,10971,603,11,https://i.ytimg.com/vi/E1aWLFQ2qpM/maxresdefault.jpg,https://www.youtube.com/watch?v=E1aWLFQ2qpM,2024,11,Nov,3,Thursday,46,5.597,5.496,0.1,Medio,3,19
1Fqf8LRZIUw,El PC más caro que hemos construido 26000€,,2024-11-12 20:14:01+00:00,,60,True,1115869,60567,802,https://i.ytimg.com/vi/1Fqf8LRZIUw/maxresdefault.jpg,https://www.youtube.com/watch?v=1Fqf8LRZIUw,2024,11,Nov,1,Tuesday,46,5.5,5.428,0.072,Viral,8,42
3sC9SjbiFmM,PC gaming mejor que PS5 Pro,,2024-11-07 19:12:41+00:00,,40,True,52438,2170,150,https://i.ytimg.com/vi/3sC9SjbiFmM/maxresdefault.jpg,https://www.youtube.com/watch?v=3sC9SjbiFmM,2024,11,Nov,3,Thursday,45,4.424,4.138,0.286,Medio,6,27
LWhXAchCTM0,Visitando Instalaciones Empresa Gaming,,2024-11-05 19:43:21+00:00,,59,True,20776,987,14,https://i.ytimg.com/vi/LWhXAchCTM0/maxresdefault.jpg,https://www.youtube.com/watch?v=LWhXAchCTM0,2024,11,Nov,1,Tuesday,45,4.818,4.751,0.067,Medio,4,38
eeGXP7Zv47Q,3 ordenadores para este Halloween,,2024-10-31 19:44:54+00:00,,60,True,3987,239,0,https://i.ytimg.com/vi/eeGXP7Zv47Q/maxresdefault.jpg,https://www.youtube.com/watch?v=eeGXP7Zv47Q,2024,10,Oct,3,Thursday,44,5.994,5.994,0.0,Bajo,5,33
QqKcyqrs60Y,Nos Roban Los PCs,,2024-10-29 19:41:24+00:00,,46,True,8050,178,1,https://i.ytimg.com/vi/QqKcyqrs60Y/maxresdefault.jpg,https://www.youtube.com/watch?v=QqKcyqrs60Y,2024,10,Oct,1,Tuesday,44,2.224,2.211,0.012,Bajo,4,17
QiYJLXXzIdw,Anécdotas de soporte técnico parte 2,,2024-10-24 19:26:37+00:00,,60,True,960329,62168,467,https://i.ytimg.com/vi/QiYJLXXzIdw/maxresdefault.jpg,https://www.youtube.com/watch?v=QiYJLXXzIdw,2024,10,Oct,3,Thursday,43,6.522,6.474,0.049,Viral,6,36
hdhu1IxUnx8,WORKSTATION vs PC GAMING,,2024-10-22 16:54:16+00:00,,47,True,1056987,51760,1060,https://i.ytimg.com/vi/hdhu1IxUnx8/maxresdefault.jpg,https://www.youtube.com/watch?v=hdhu1IxUnx8,2024,10,Oct,1,Tuesday,43,4.997,4.897,0.1,Viral,4,24
Le5Ij9mrEUE,Anécdota servicio técnico gaming,,2024-10-17 18:31:12+00:00,,58,True,12753,685,7,https://i.ytimg.com/vi/Le5Ij9mrEUE/maxresdefault.jpg,https://www.youtube.com/watch?v=Le5Ij9mrEUE,2024,10,Oct,3,Thursday,42,5.426,5.371,0.055,Medio,4,32
93tU5miNyis,Otro que viene buscando algo como la PS5 Pro y se vuelve calentito,,2024-10-15 19:22:33+00:00,,54,True,5942,268,14,https://i.ytimg.com/vi/93tU5miNyis/maxresdefault.jpg,https://www.youtube.com/watch?v=93tU5miNyis,2024,10,Oct,1,Tuesday,42,4.746,4.51,0.236,Bajo,13,66
xnPo83OLTDY,Minimiza las ventanas de Windows en menos de 1 milisegundo,,2024-10-13 18:14:26+00:00,,20,True,32091,1562,35,https://i.ytimg.com/vi/xnPo83OLTDY/maxresdefault.jpg,https://www.youtube.com/watch?v=xnPo83OLTDY,2024,10,Oct,6,Sunday,41,4.976,4.867,0.109,Medio,10,58
zIAEnc7z6OU,Truco para programar el apagado en Windows,,2024-10-10 19:38:27+00:00,,40,True,6253,340,3,https://i.ytimg.com/vi/zIAEnc7z6OU/maxresdefault.jpg,https://www.youtube.com/watch?v=zIAEnc7z6OU,2024,10,Oct,3,Thursday,41,5.485,5.437,0.048,Bajo,7,42
gQrXWXftWj0,Truco para mejorar tus juegos,,2024-10-03 20:05:26+00:00,,29,True,6925,504,4,https://i.ytimg.com/vi/gQrXWXftWj0/maxresdefault.jpg,https://www.youtube.com/watch?v=gQrXWXftWj0,2024,10,Oct,3,Thursday,40,7.336,7.278,0.058,Bajo,5,29
4oVQVsnRHkk,1 de octubre de 2024,,2024-10-01 17:09:17+00:00,,42,True,4647,245,7,https://i.ytimg.com/vi/4oVQVsnRHkk/maxresdefault.jpg,https://www.youtube.com/watch?v=4oVQVsnRHkk,2024,10,Oct,1,Tuesday,40,5.423,5.272,0.151,Bajo,5,20
eFvS3XQBbp8,Ordena los cables de tu ordenador de forma fácil,,2024-09-26 18:31:43+00:00,,15,True,44053,1848,13,https://i.ytimg.com/vi/eFvS3XQBbp8/maxresdefault.jpg,https://www.youtube.com/watch?v=eFvS3XQBbp8,2024,9,Sep,3,Thursday,39,4.224,4.195,0.03,Medio,9,48
4dSzTZUofOk,Consejos para reducir el LAG cuando Juegues,,2024-09-24 18:52:32+00:00,,43,True,5031,199,4,https://i.ytimg.com/vi/4dSzTZUofOk/maxresdefault.jpg,https://www.youtube.com/watch?v=4dSzTZUofOk,2024,9,Sep,1,Tuesday,39,4.035,3.955,0.08,Bajo,7,43
AqgkagWefjc,¿Qué componentes elegir si soy editor?,,2024-09-19 18:31:10+00:00,,32,True,9935,403,19,https://i.ytimg.com/vi/AqgkagWefjc/maxresdefault.jpg,https://www.youtube.com/watch?v=AqgkagWefjc,2024,9,Sep,3,Thursday,38,4.248,4.056,0.191,Medio,6,38
yJKSzonUnP8,El mejor PC para la vuelta al cole,,2024-09-17 17:58:56+00:00,,60,True,3449,141,10,https://i.ytimg.com/vi/yJKSzonUnP8/maxresdefault.jpg,https://www.youtube.com/watch?v=yJKSzonUnP8,2024,9,Sep,1,Tuesday,38,4.378,4.088,0.29,Bajo,8,34
RmLJ_G51jB4,Las 5 cajas de PC más caras del mercado,,2024-09-12 19:42:52+00:00,,61,True,7070,320,7,https://i.ytimg.com/vi/RmLJ_G51jB4/maxresdefault.jpg,https://www.youtube.com/watch?v=RmLJ_G51jB4,2024,9,Sep,3,Thursday,37,4.625,4.526,0.099,Bajo,9,39
-Yy83PXdarU,10 de septiembre de 2024,,2024-09-10 17:07:45+00:00,,61,True,2771,149,6,https://i.ytimg.com/vi/-Yy83PXdarU/maxresdefault.jpg,https://www.youtube.com/watch?v=-Yy83PXdarU,2024,9,Sep,1,Tuesday,37,5.594,5.377,0.217,Bajo,5,24
TCONQNVhptQ,¿PC Negro o Pc Blanco?pcgaming #whitepc #gaming,,2024-09-05 18:56:01+00:00,,40,True,23558,1867,51,https://i.ytimg.com/vi/TCONQNVhptQ/maxresdefault.jpg,https://www.youtube.com/watch?v=TCONQNVhptQ,2024,9,Sep,3,Thursday,36,8.142,7.925,0.216,Medio,7,47
yGRJ5CXDUAM,3 de septiembre de 2024,,2024-09-03 19:35:24+00:00,,60,True,2550,87,4,https://i.ytimg.com/vi/yGRJ5CXDUAM/maxresdefault.jpg,https://www.youtube.com/watch?v=yGRJ5CXDUAM,2024,9,Sep,1,Tuesday,36,3.569,3.412,0.157,Bajo,5,23
gN9bTYo4AqI,Comparativa procesadores Intel y AMD ¿Cuál hacemos después?,,2024-08-29 19:20:09+00:00,,18,True,22429,1405,57,https://i.ytimg.com/vi/gN9bTYo4AqI/maxresdefault.jpg,https://www.youtube.com/watch?v=gN9bTYo4AqI,2024,8,Aug,3,Thursday,35,6.518,6.264,0.254,Medio,8,59
w3NdfiFepfE,Nos quedamos sin ir a ligar…Estaba delicioso igualmente 😋#pcgaming #gaminglife #computertips #4090,,2024-08-27 19:35:55+00:00,,10,True,15984,525,4,https://i.ytimg.com/vi/w3NdfiFepfE/maxresdefault.jpg,https://www.youtube.com/watch?v=w3NdfiFepfE,2024,8,Aug,1,Tuesday,35,3.31,3.285,0.025,Medio,12,98
iY8aE82ItFo,#PC VS #macbook ¿Con cuál te quedas?,,2024-08-22 17:52:30+00:00,,51,True,17772,975,30,https://i.ytimg.com/vi/iY8aE82ItFo/maxresdefault.jpg,https://www.youtube.com/watch?v=iY8aE82ItFo,2024,8,Aug,3,Thursday,34,5.655,5.486,0.169,Medio,7,36
X0cGX1sf1y0,Las GRÁFICAS de AliExpress que nunca te recomendaríamos ❌,,2024-08-20 14:20:04+00:00,,59,True,3250,109,8,https://i.ytimg.com/vi/X0cGX1sf1y0/maxresdefault.jpg,https://www.youtube.com/watch?v=X0cGX1sf1y0,2024,8,Aug,1,Tuesday,34,3.6,3.354,0.246,Bajo,9,57
Sli4ji49xdU,Nueva serie 5000 de NVIDIA para 2025,,2024-08-16 12:38:33+00:00,,34,True,83820,2353,161,https://i.ytimg.com/vi/Sli4ji49xdU/maxresdefault.jpg,https://www.youtube.com/watch?v=Sli4ji49xdU,2024,8,Aug,4,Friday,33,2.999,2.807,0.192,Alto,7,36
h-JN-9WP2jQ,"Esta vez no salió tan bien la zancadilla, vamos a dejar de hacerla…",,2024-08-14 17:33:44+00:00,,13,True,13699,314,3,https://i.ytimg.com/vi/h-JN-9WP2jQ/maxresdefault.jpg,https://www.youtube.com/watch?v=h-JN-9WP2jQ,2024,8,Aug,2,Wednesday,33,2.314,2.292,0.022,Medio,13,67
rlNcJtjOpMs,Preparando PCs Gaming en la Fábrica,,2024-08-13 14:11:55+00:00,,33,True,8659,497,7,https://i.ytimg.com/vi/rlNcJtjOpMs/maxresdefault.jpg,https://www.youtube.com/watch?v=rlNcJtjOpMs,2024,8,Aug,1,Tuesday,33,5.821,5.74,0.081,Bajo,6,35
khRR1dzt940,Hablemos de Gráficas.Te dejamos una comparación por FPS,,2024-08-09 11:32:39+00:00,,43,True,16821,1017,35,https://i.ytimg.com/vi/khRR1dzt940/maxresdefault.jpg,https://www.youtube.com/watch?v=khRR1dzt940,2024,8,Aug,4,Friday,32,6.254,6.046,0.208,Medio,8,55
PgE7NKlx1Ns,Mejora los FPS en tus juegos de forma sencilla #fps #pcgaming #Windows11 #subirfps,,2024-08-07 18:30:22+00:00,,45,True,2248,133,2,https://i.ytimg.com/vi/PgE7NKlx1Ns/maxresdefault.jpg,https://www.youtube.com/watch?v=PgE7NKlx1Ns,2024,8,Aug,2,Wednesday,32,6.005,5.916,0.089,Bajo,13,82
jHt4-iybs7U,EL BECARIO echa a perder una 4090 de más de 2000€ 👌,,2024-07-23 15:05:41+00:00,,33,True,2608,83,6,https://i.ytimg.com/vi/jHt4-iybs7U/maxresdefault.jpg,https://www.youtube.com/watch?v=jHt4-iybs7U,2024,7,Jul,1,Tuesday,30,3.413,3.183,0.23,Bajo,12,51
